63293165-658a-48e5-b727-3de6c34ccc39,3.933333333333333
9e29faa9-cbe3-494e-934c-4d8b7028e58b,8.75
81d85af2-d4a7-49e6-ae1a-46b3fa2bcb74,5.966666666666667
1d01254e-61c9-4396-a61e-a5f38051c903,7.083333333333333
2b07c95b-df83-4c2f-9284-e5f22d2cacba,0.06666666666666667
97800f86-629b-43a7-b0b1-5299b685e580,0.06666666666666667
7b281b03-f5d7-46e5-884c-5b8e7b78ecd2,0.11666666666666667
60039cb1-3b34-4beb-93a6-772444dfe28a,2.316666666666667
b08e24a6-e3c5-422b-b9b3-0a3c5d4135c5,0.18333333333333332
b86ba1d2-77f5-4c98-9bf5-54ed421d573b,34.03333333333333
cd614c23-33b3-4211-aecc-351a1db0aa30,23.883333333333333
cffeed9b-867e-4683-b8ab-a6a5eaa7ae5e,13.1
3a82762b-ecdd-40b0-b1bd-34a933a9fe2e,9.516666666666667
1e5f3d8d-4629-4ee8-8801-742acd33b497,15.466666666666667
b2b997ca-d27c-4324-a347-93e9919b007f,5.883333333333334
3fb8488d-3834-49d4-bc8c-12f44fdff73e,0.03333333333333333
d047fcf9-35d0-4939-9ab1-63c244de562d,10.783333333333333
6e342a60-9326-4a35-87d3-d48180422622,15.033333333333333
1187ecd9-ae9a-47fa-a621-38037bf69ea3,4.683333333333334
62b1c8e7-5735-4281-85c4-edfb6891fa17,2.433333333333333
9f34c06d-6d52-40d0-b766-a57f7eb3d029,14.716666666666667
3d6ae6f0-1eab-49d7-b430-11ff66504c2b,44.86666666666667
8bc58190-e4e9-4f4c-b3bc-f3707dc9607a,0.6833333333333333
7e20597f-8b90-4a44-be0d-717e013665ac,14.35
f2d6f08c-02db-40b7-bca3-32518c467465,10.733333333333333
3d1b77b6-1a0f-49d5-8358-85d2194aa720,16.833333333333332
d72a1d83-27f9-46d9-9e61-58ab752a2f29,4.8
885ca9c9-dac8-4474-b37e-d9822b6e287e,3.2666666666666666
1625bf95-2111-4719-9c18-6b1ab660335f,12.666666666666666
8b1ebdb7-514c-4d68-99d1-7229b38844cf,25.4
eed15be4-6bb7-4864-a39c-e69f94db82aa,19.766666666666666
4649d5a9-936a-4b83-937c-9c53e703061a,3.95
5cbd72d0-f75e-43b5-9aca-2b60d6c32507,13.7
fb349aff-1a24-4e5f-88e9-e20fb2684f04,9.35
44e53565-872a-4829-a527-b78f3e4664d9,19.733333333333334
0a5abad0-aa5d-40fa-82f7-70ee848ee823,12.0
b68c9ce9-9411-4c11-bdff-18526f1f3d05,8.866666666666667
bcc6aa70-3d6e-41a8-8edb-25753a27de92,9.616666666666667
b98468f5-0e18-49da-800d-08d866b0b01a,8.65
d29573d5-3acb-4064-97ac-108715f9d5d4,5.2
92f13c72-4a37-4543-84a6-492656068396,9.033333333333333
1d8f7737-1a5d-426a-8ee9-a7ac7c25d9ab,13.533333333333333
f588fed3-f5d3-40fe-8386-89e41abecc5b,27.033333333333335
e38718e9-ce29-4358-b651-4543dc6ccff2,121.2
b439e520-2c30-45af-83ad-deb617f6c782,2.9
6218f169-9dcd-4659-b6db-8276d8698235,0.06666666666666667
206b61a5-5976-4fe1-b9a0-79538d6b0fdd,18.716666666666665
870f8cf1-f47f-4397-817f-9de6f0b1bdb5,6.2
088f2810-bb4b-4c77-8d05-db8e4da469f5,22.333333333333332
5dd96dc2-baea-45ae-8545-47fdd561c864,8.85
a63e0499-51d7-4d74-a9f3-50310722bba7,13.2
cc72208b-1bb1-4547-aedb-a75f890b1f55,18.366666666666667
b246182d-a659-49bb-95f9-5043707c8c8d,2.6333333333333333
80e20211-a83d-4411-9124-32eb5312e573,20.733333333333334
f93f3b20-1498-41a1-9634-d009ef28713e,10.7
b5432fdc-7f41-4921-8ea8-52e43121e278,6.3
0cc6c32d-d6ec-44bb-82bf-cbf2241c3651,29.3
b643a92b-d6c8-4a0d-9ca9-6f00e412e6d6,8.233333333333333
24b5bf9c-0ca8-4d69-a8c8-78461f292ce4,28.6
86e44ec2-8cb1-41ea-af30-7a5f585118fb,13.866666666666667
d74a2433-fd57-4da3-891d-a121e9380e9a,7.533333333333333
e0b2b625-500e-499f-b12b-755ff30c123f,16.933333333333334
f6844521-f4c5-4a22-b958-4090298eadcb,0.21666666666666667
30343743-6fba-490e-8531-6de97ac2848b,13.016666666666667
61c93492-defc-4e54-b76d-9d256f13eec1,6.666666666666667
b1d182cc-ae51-4ef6-ab83-d05379cb4e07,3.5833333333333335
4aa816ab-4779-4736-a516-a2b932e1398c,4.0
8a201e8d-dcef-4315-967e-df3db4009c81,12.116666666666667
1947de0b-014e-4728-8d24-c7c25ded1b28,8.183333333333334
e60ac6a5-0a19-4422-a062-f502ba26cbde,8.166666666666666
f66a5991-cf27-4419-9998-382a69dd4cb1,12.983333333333333
6a04d3d1-9ba6-4863-86c5-803ae72c8a71,0.3
84ed0e39-5791-4930-a695-4d579fbb5b24,15.3
f6f22c30-d477-4f42-9978-2784fd06cc64,19.366666666666667
9677559b-be2f-4765-af52-542ced859be0,14.783333333333333
f20130ca-319f-45b8-92f5-439c73348c8d,22.45
f94e7616-2496-4043-96a2-f35e5befc9a9,15.033333333333333
4935a888-3d42-4979-b785-160394df8114,1.45
3f2f5fcc-9b1d-4b4b-b0df-d7eafa216db8,43.71666666666667
cc79d267-e19a-4787-a8af-9e571d2a33a1,0.05
a4d44861-e415-44ba-bf88-182949489c53,26.65
d091d8e9-0540-4581-9178-961501ffe203,14.816666666666666
1f64e738-6eb8-4782-91d9-59ab45cf4292,16.8
4aa3dddd-4fde-4ee4-b715-0fa53b26a509,5.2
5278c32f-ff95-414d-a81e-ca141a3322ac,5.216666666666667
b8d2344b-c5ca-4d67-8da0-9639a5f6bca5,6.033333333333333
58b25880-211a-4d83-9d09-e0771ee51544,9.0
feaccbba-77c9-4db3-b8ae-e7b02dca7a60,4.1
1b471307-2ccf-43a4-8aed-bd1549a5f72e,12.983333333333333
66547ec6-aa6c-47a4-9730-68cacd0d327e,0.9333333333333333
337d857a-40fd-4592-be7e-20103b4325e3,1409.4166666666667
9ffd6de5-3473-47ab-8d58-8fa71037fc51,0.16666666666666666
0eaca9f3-c84d-4c51-93b6-dbbba93fc9ee,8.133333333333333
0332f720-9f42-4424-b55a-420da1f13e04,5.65
de2f55b2-7855-4014-9070-d19ab83574c4,8.75
a084b58e-adbf-42c5-ae47-56f4a018f8ed,3.45
786a7ffb-3549-4e96-8802-126ce34d2cbf,5.316666666666666
f1458c3e-b3aa-46ca-b39d-2a25b4decd1a,12.683333333333334
8a55342f-4479-427e-9f20-31e73498b56f,22.483333333333334
3ee34b86-781b-4bab-af00-6bdba6bd8a72,1.2666666666666666
97e900b9-9f66-408a-8bd0-143aeac6be24,4.05
9d5f572e-8ce8-4e62-b0fe-4c09bdd025aa,0.8833333333333333
863c9333-cbd9-4414-93ce-4adb7b6215ad,81.45
fb8ac95e-fa6f-4284-82f9-6349e1266e6f,15.3
26391dc2-13a2-4601-8f62-f1e6d0bb00e4,5.066666666666666
d6397bf0-bfd2-412f-a082-81e434b2b693,6.983333333333333
48d6113a-730e-4c09-ac79-8f7d66e956c0,6.566666666666666
706462e7-4860-40d4-980f-c95165113734,12.183333333333334
00d17cff-5279-406e-a347-c0d2c0679f0f,6.55
dfedf969-13a2-4a5d-8636-cee09e031b7e,18.416666666666668
5637bd68-caf7-42dc-b36b-e8fa582e9a52,11.366666666666667
8029b702-64cd-483a-8cb2-edd67c35dc12,1.6
5fdcc77e-609e-46d2-8445-9651b627d5bb,5.966666666666667
b2d49242-8608-4abc-8146-1b2036215db4,3.3833333333333333
888f81d3-344a-4c1a-ac89-03914430a967,12.383333333333333
aa8afc0e-6c83-400e-af83-e14ccfab50eb,14.583333333333334
ca429dbb-023b-4805-bc28-8396134207cf,3.966666666666667
de00bace-75d7-4278-a742-54ca16f1552b,7.716666666666667
e5916891-5d10-4f4c-ba40-4e8e974f4a7d,2.95
73fad8e9-57d3-4631-8e83-15a4d9b16b0a,2.65
e489d922-9018-4d46-b7bc-0ffd7eecc48c,36.86666666666667
848d91e3-648c-4624-b20a-58558b549c14,0.05
6a35e0c7-c1b2-4b17-8f37-86c111fc019f,14.45
0b0afc61-02c4-46a6-b298-db90a03396f0,6.8
47ef4619-cc7f-48ea-bbaa-6ed942771c20,70.18333333333334
a5f49c4d-31bd-4c97-ac61-793b6a99f266,0.08333333333333333
6364cc77-ecd9-4cf0-8211-9491a711e7ad,5.216666666666667
943fce5e-5c57-4d47-9d81-f880f21b019b,12.333333333333334
6a46ef8f-dde7-4f1f-995c-9a9175e41724,7.883333333333334
6eb9107c-331b-4fd8-a49b-76ac585c09f2,6.716666666666667
54998fb3-0335-45af-903b-3a24c26e8e73,6.55
36f7e169-a7c8-4db3-9b5f-8161ee7792a6,12.933333333333334
9a84a94c-7926-40a2-8c22-8619a17d71f4,30.6
79067054-6017-4c36-8fa8-3971697991c9,9.7
26221965-5679-46ff-8d7b-57f487c9f8d2,8.233333333333333
f2b56091-5a03-4b81-8f09-a6a446c0cecc,2.15
6aa17fcb-01f8-41aa-a0e7-d18ad1cd5ab4,4.75
7f455827-a239-4a20-9e94-34a2eca38023,14.183333333333334
adfc0bcb-4c43-4ef0-bd44-90cff84a4337,52.833333333333336
1173555a-9fd8-4fc7-a8e8-848c147ae588,9.383333333333333
11def2d5-86ef-4a36-826c-425003459eef,11.083333333333334
df9faeb8-c802-4b86-b827-72efd481a08d,32.983333333333334
cb3b4e7b-d679-4c88-a3ea-0fcf6af997dd,7.333333333333333
ae5499fc-0d8f-40de-ba13-9efd8f92af15,8.516666666666667
1a016276-45eb-4981-b24b-324d0d03a212,13.383333333333333
9d348038-f7bd-4384-9f06-ced3776c8f49,6.483333333333333
44567691-6955-451f-a9ee-8abca3af03de,20.683333333333334
09e264b0-7bc6-43a7-8da6-3a4c37912172,7.333333333333333
2cc5b5e7-0884-4cd7-a71d-c6f32020ec1d,7.566666666666666
2c140c6e-7891-499d-8e53-a761b1f08b0f,5.65
041a5062-86a1-4788-914f-88a30ae9cc65,7.116666666666666
c8d32424-e5dc-4912-8f28-dd6a44da9340,4.216666666666667
8b455cdc-75a1-475c-b327-25b4e9548214,20.633333333333333
7bdbe57b-31d6-437a-a813-dc57a9991b78,21.566666666666666
3d706e81-c405-4781-8d65-89c5fb1cf9df,1.5833333333333333
3df105ff-77b5-4a69-8389-b1d10a27e842,12.916666666666666
1b6feed3-b5fe-4a72-adcc-bc76dfa66bea,9.233333333333333
ae593bb1-1467-4008-86ae-6d1732bdaa94,17.0
18a83501-257d-47b6-b23c-139eb785249b,9.95
a14001af-f635-440c-ad2c-6719e607ce13,13.85
1acfdbd0-4c5c-4b87-9c92-a0aabea2cde2,5.95
20914210-968b-4871-a0b7-3c93c60982f0,10.983333333333333
ae8b2581-6984-4686-a86c-a057a7eb1f4c,14.083333333333334
9f18c338-266c-4f6c-bc0e-ab1a20c03f11,9.416666666666666
c2e32e68-ad70-49d3-8b00-c1940bdf8af3,18.05
b0fcd759-c789-4d91-96fe-6b390d187027,3.066666666666667
56bb8b75-fb43-4a94-98e9-79d515b5c6ff,5.033333333333333
95d7c742-49ee-4ea1-846b-c059c54621d2,0.8833333333333333
bfbaadde-e001-4bdb-84ef-65b0b1ae499c,4.4
ad0576de-fde3-48ac-baca-b6aad08b1acc,22.033333333333335
103a08e7-e852-4c1f-b42a-11c3b31f8166,6.516666666666667
aba7f183-b84e-4636-b3c9-ca953d589859,4.366666666666666
72a49da0-2f8b-4ee3-bf71-37b64eed517f,14.15
ad384a22-e1aa-4d4e-9138-3b5ab17a8214,5.283333333333333
d86527c7-2f32-4750-9cf4-11637c2ca9c7,6.85
81599a3a-b4fc-47f5-b3d5-d96f6edc4559,5.25
354a52a4-fea3-464e-98bd-3aa7d72d528b,16.75
e0694417-d99a-4094-b58f-5189c9aeac21,3.55
84395e7a-bd2a-4c9c-9d0b-19ab5286aec6,3.55
a21a6ba4-252f-4ea8-baae-7b5f9d45972e,31.816666666666666
cf5ffeb2-8f99-469a-8403-4066decf68ff,15.533333333333333
518c2a49-647c-489b-95ae-8e2ace0179c0,26.533333333333335
d1c32aef-257d-48b0-a766-005875c37ad5,6.433333333333334
11e0fd0f-3e7a-42a1-86f6-9bafc8c00c3a,17.983333333333334
9f65c7df-0a63-458a-ae2a-bf642628996b,12.0
ed409688-23ca-4afd-a05c-c00724e5f78f,42.266666666666666
10623039-e1ae-42a8-a02c-5025953e3f9c,11.2
54a311cb-430a-47b4-93da-c99e313a9ab3,10.166666666666666
a62c141f-1782-46f9-a67a-6a28457d04b4,21.233333333333334
f709275a-827d-4ab9-b7cd-0842f182ea84,6.416666666666667
a2a86c62-05ae-414d-8b10-379c32cdde39,15.933333333333334
4468e1f4-4577-4666-90cd-072022f00843,0.23333333333333334
55222116-1057-40bc-a470-f722fec8ffcf,3.8
fe868fb4-3541-4bac-8f3b-5ede918ba4d8,7.583333333333333
8b1dcc39-aae2-4f92-b088-2e1a00a375fb,0.36666666666666664
ea802240-f22b-457d-aabe-8f49b6ec272b,3.2
929ba97c-18fc-4080-847c-d476ebd090ab,2.5
3bcbb9d4-e1f7-4e5c-93a6-06909c4379b3,8.95
e6c3798b-8e36-463c-835d-3656ffac2899,7.683333333333334
629647ee-6025-48e0-acb9-01303cc02fb3,5.916666666666667
4a005904-9ba2-44b0-ab5e-638425390cc1,7.1
2568fbe3-4941-432b-b626-95f8ab9516f5,5.916666666666667
091bb3b6-305c-421d-8880-1b61d41d7c0f,14.75
b88aa4a9-81df-446a-bb43-b814821b791a,10.633333333333333
92073620-23f7-42ba-8bff-cde139dbbf73,5.366666666666666
bd767bf7-a018-46a1-8d35-bcd57180f1c9,30.05
06e4535b-8b9e-4df9-9bf6-9508714a9fba,3.966666666666667
1548d4d4-fdd0-4e0d-b932-96c40273bc8e,5.083333333333333
cc29c4f4-1bf7-47d2-81a4-140d9a340206,8.933333333333334
8ff4e5a6-ac7e-474f-9be8-c0878ee7ea08,7.966666666666667
09040be9-71f8-4a84-b217-a20cda5b52f9,11.1
d3c78775-dad0-45f1-8f83-067dec006f47,9.4
114166c6-4e96-4ad8-b6d5-bf5f5008d691,14.966666666666667
114fdfe2-3a01-4cb1-8cae-68f46893bb56,38.483333333333334
1c95822b-95d5-46c7-b1a8-9313d5d85669,2.55
992793a0-ab5e-4f8a-9019-6ec09783c8f5,10.716666666666667
c5f12e21-6b8e-4458-a6fa-c8d4e40cbdbc,44.43333333333333
aee83e70-3370-43a7-af00-d9b52c1a0bb3,12.916666666666666
e1c2301d-f64c-4e93-82d6-f50015b2841f,2.4166666666666665
ae624e35-7b4e-4024-99a7-4b9b22420c88,2.35
0273f3f6-32d4-44df-ba4e-f499e057b2f7,0.15
1c847621-44d8-413e-8415-0e3fc71e65a8,44.35
229aac0a-b2e1-42a5-b914-c4fcc4a451da,5.133333333333334
501e2cec-c520-43c6-a698-1dc5bb120953,9.55
b41ad028-7b5c-4996-89e6-658f32f722a3,6.416666666666667
0fd8873e-165d-4416-a501-197653982d2f,0.48333333333333334
9c877acc-a60e-46bd-a510-4ae8dd88563b,0.48333333333333334
cfe56195-0e79-43f9-b95a-eb76c9e3ab2d,6.966666666666667
95c221ce-52dc-40a9-83d4-57bcc6b8f0ae,7.183333333333334
98c209c7-8366-48be-8ff3-16a302eecfd1,18.45
0ea14521-f2a4-413c-9501-95365f563045,7.65
7cf1ff42-7364-4b51-904f-4c54412475b7,7.15
adc99deb-9f22-4d7e-bec8-320f22313427,5.516666666666667
f1d2bb96-ea8c-4721-8c28-5ca931c6c8d0,7.3
f26a0436-2265-4753-bec6-dd3a7b643cf0,0.15
b7205afe-08fc-41dd-ba2a-770dc8834ffe,0.03333333333333333
0ccb8378-dd4e-4592-935d-c1731a16e52b,14.066666666666666
cc39055f-ae3d-4637-b102-d68bca89dcfa,0.75
e4389299-ce49-425a-9cd9-65c1c154a71d,29.616666666666667
3daf7376-b32c-4584-a29e-121ab8fe1ef6,7.633333333333334
7d30e93a-d2bb-43c5-a4d0-7feed781e0c1,1.8666666666666667
09cd2c4e-0ec2-49aa-a411-95622f59d97c,24.316666666666666
446b61aa-590f-4941-957b-13e0147e5523,13.066666666666666
38c92fc7-6bd0-4de3-abee-5b351c044d11,7.533333333333333
df823ec8-4102-4f7e-8a2a-5627d131b84b,8.0
7a130237-5bb2-4b19-a403-25f4d523fdb4,13.966666666666667
f7a04924-4edc-4ab9-8847-79e56bd02b74,0.8
fd0842f9-6bb3-4d97-ae03-1aa092588c7f,4.4
c1833f30-8195-462f-916c-027fc91bfce9,6.316666666666666
f6711f5e-02f2-469c-9128-b9a08e7c299f,12.85
6de3404a-fc4f-46b1-a348-8e82c2497b5c,7.5
414c6d3b-1613-44a7-8c4a-d7d691a46c72,40.25
4652474f-775f-4024-9cf1-0c27393f4d7c,4.216666666666667
9215c437-ea0b-4163-a014-3390c71ac35a,37.18333333333333
ed0c29ee-62f8-4d35-aac1-0ca00ad49302,16.5
2d2ced1c-9de0-4b29-8aab-3bd3d9aa6225,6.2
98bca773-56bb-4e3f-886c-61e500d6bb24,9.466666666666667
0827a6be-15ac-44fc-9bad-4746de9f8cda,9.766666666666667
c159a280-b09b-44be-9ebd-78a9411c46f1,8.45
10e114d0-dc81-48cb-b874-e0e0ebf682b2,9.25
2d79b2e8-648d-4f84-bc6f-3e2ab420f02e,8.433333333333334
f047dff5-60cd-472c-b066-a1a6c9b7854a,5.2
d4e3b424-c33e-4640-9c36-b5574b5a3093,3.716666666666667
885bfd29-392a-48c7-a728-ccee742e4d5c,12.066666666666666
02a93664-e3cc-45c9-90b7-89e58094b3ff,13.116666666666667
151d7fa6-9b0c-42d2-9cb1-21660b974db0,4.7
a6a9a6c1-7ecd-41cd-84e6-b772abdbb680,3.316666666666667
8d9b75ec-20e1-4452-b6d3-6187c32e6f9d,33.7
713a9ff5-5040-4182-b217-de1f0a888d0f,7.55
581927ce-d64a-49d8-be74-3d83cffba377,6.216666666666667
3a155c70-43f4-4d2f-b651-d2027ec35057,40.916666666666664
650764c0-1d73-4974-af31-318f421566be,6.383333333333334
4d3e2db8-674e-49e8-9a2c-caf7b59fb188,7.666666666666667
a992f1ed-adde-4cc3-9223-a268427343c2,26.6
36b9c133-3c7a-4683-85d1-8d3d4cd0827c,12.083333333333334
9ddac9e0-b6be-4cec-85c3-ea2521dfefbf,10.116666666666667
671d769c-4dd6-40f4-8d62-e8b3aac924fd,5.45
bc60d889-2778-45da-8f89-b5ac6f0fb4fc,10.066666666666666
7351492c-0138-4ca7-b433-21027f43e0a2,9.916666666666666
6e3a7a97-9c32-4b48-9f34-57bc911677e9,5.3
a4fd18af-83b9-4479-82c2-8224d53bec19,5.566666666666666
39523631-d109-486f-b6b7-aa6a820161b1,6.15
6222f18c-1dfb-4bcc-b1ba-5ec88890b259,8.366666666666667
d9738b6d-fdd8-447c-b5e1-21aaa3f2b784,6.75
adda17c6-cfcc-47d7-bb40-2aec47deac6b,22.183333333333334
039f60dd-5c87-4894-983f-49a38897dbfc,11.083333333333334
aee8600a-de5a-4805-b356-0378710f0746,8.966666666666667
bf34e925-3c8c-45d0-a69b-3e10f227720d,2.1
177d1ce8-2066-499e-ad6a-d91bd195deed,4.75
2652244b-d28a-461e-879f-7e75c8037253,7.7
e99b250f-a4a2-4685-bd26-9db338574b74,9.816666666666666
3a229470-a74a-486e-9d41-7eabeb3e1fc2,13.716666666666667
61aad668-0ef8-4d24-aec3-b4462e60d806,15.4
00e4a300-1833-4b11-90ff-83e4d3fd50a8,10.05
640cd676-917d-4834-b356-0802249675d6,47.983333333333334
0322f616-f8c7-4cc9-8be4-a58d0b5fb15a,14.016666666666667
00423ab3-6144-4f8d-88a9-9578a89ac578,5.816666666666666
0e27a015-a754-4ba5-9d0f-15220b13f85b,8.833333333333334
d4430b22-8706-42e1-bcae-5ccbc3d8d513,7.25
5a983299-958b-47bb-ac55-fcc5e8273a64,29.933333333333334
3c7ad167-8676-4dbf-b109-c10bcec7dce2,4.516666666666667
fdcb9c50-a398-4595-9f3f-23b5c7465a45,7.45
4f1f8937-db31-4707-84b2-f5afde4d297a,37.6
00deec5b-88bb-4e06-9480-d84d5f661ea8,2.966666666666667
ea901f33-1ad6-422e-ba00-84332a682f09,7.583333333333333
7c8c08e5-e149-4123-aa0b-1ace31af44d7,15.683333333333334
6e708585-7a93-46d7-9363-324e56e3a299,2.433333333333333
2be826d1-4b32-4037-aafc-fc52958e4cb2,9.55
41296d40-5f69-4693-a75b-58e381b1b2be,2.033333333333333
08387796-9bc9-486f-8e41-821a33df1219,0.23333333333333334
e6af2348-d136-460b-8632-20327da02cdd,9.583333333333334
6649c52f-7698-43b1-91f8-993688a797aa,6.9
f153fdf1-bb53-44d4-9675-8479fb405454,7.25
bdbc3d8b-c67a-4730-b94f-5fdb753516fa,2.033333333333333
a2183619-33c4-47b8-b3e0-35707d5fa9d0,6.55
3f2b94f6-6aff-4872-9c2e-88538f9153b5,11.55
2652cfa9-bc05-49b3-8170-50f4f94aa4de,3.0166666666666666
719d337a-c849-4d94-a717-fc4b1bdb4007,2.1166666666666667
595b12af-3be0-4019-9079-cc94d470b371,4.7
62e7e109-8bf6-41f1-a3fa-7c949eaa8e30,34.583333333333336
d8dc1fc1-399e-4a3a-84f1-db0ab3b59265,16.183333333333334
149a2371-a2ac-4e9e-8d47-66fff4091b31,8.933333333333334
cfaeee72-3f08-41e4-82c3-874e6a77b603,3.7
b2738d7c-5ca5-4841-bb75-6b6dc122aeb8,11.5
097a3b12-bd52-4ae5-b596-3c3bf8d8c7dd,3.45
37d96163-d1fd-4525-9da0-a8723d584133,7.816666666666666
cc4c2e52-7703-47b3-af89-a5e57314cac7,3.566666666666667
8a8f021d-754a-4534-b6d5-f46fc0869f5d,7.016666666666667
67f83491-a4ef-4e02-8b86-1393258685e8,4.75
74679f8a-0926-4b4b-bba2-f47253ce09cc,4.8
76f12ab7-bca3-4076-b2e1-fb3459bc66b4,55.65
e9ad1f0f-9ceb-4760-89bc-c0fda7521261,12.283333333333333
9b1726ec-3bde-4e42-abde-9d5255117f60,1408.75
1767c2b2-9e5b-4636-8791-c17557570a40,0.11666666666666667
54427723-f6fd-49df-a35a-b5d05b15a829,8.266666666666667
02fd12cf-404f-4639-a067-310796e461b2,5.233333333333333
9759a394-49db-4565-8374-14087fb24d75,5.6
37112995-733d-459b-bfa6-3b8581337760,22.233333333333334
178c0bef-7aae-4106-8f93-441e8b602177,21.366666666666667
7bf5fe6b-6f1d-41c3-8ae5-2dc0a7772783,4.366666666666666
40ce65ab-2fde-497b-807e-6b330362740e,8.016666666666667
989028b3-0aa8-41a2-851a-9c5c2677f08d,16.383333333333333
7cef6f8b-addf-4d77-a009-76e5eb3a899f,0.6666666666666666
a5a04e76-a7d6-4655-8d0a-789fdf903690,0.36666666666666664
d74a22f7-98f8-4991-b9b3-f8ab7dc4fb50,0.35
419d8ac9-82cf-4b46-b58b-68e7c4876fe2,11.35
b33dc49d-6aac-4526-bded-8b7cbf1e9ccd,7.883333333333334
29470c60-ec70-4d66-ac4a-e832b975d653,24.85
c0c00edd-804f-4127-b28c-fa7a36155f55,28.4
1b1de7df-90ea-46d2-9fc2-679b666825fa,8.483333333333333
8cc1d348-d760-44d4-b257-93bf5280632c,4.333333333333333
c48ee9fb-3740-42f8-aa58-78082acfe687,5.483333333333333
67327072-67d2-44d0-8239-e80e68cc6b26,7.4
f106014c-db38-44ac-909e-b5b2dd59ea8c,5.683333333333334
ed0b08f1-38c2-4c43-8056-72cb76fbbfd7,4.866666666666666
3c22b924-ee17-4912-90cc-f4cec1b4d182,4.8
80e730dd-b939-4364-91cb-852de5166ff7,4.0
36047a04-a759-41a0-b926-d70e09412a5e,6.05
fe874756-f98e-48ef-ab4a-1b845707b383,285.31666666666666
32a6843a-3746-4d1f-895f-f1aa3a52139e,8.166666666666666
201cd96d-b9b1-4030-b0d9-8bd9739bfb10,20.5
17badcde-dda8-4777-a583-b08d90afcaac,8.8
08805518-2da0-4f0e-a699-d6fd4ac4dd14,8.833333333333334
e8d78bb1-d85d-4289-b90a-2ff03ce23fa7,0.9666666666666667
7d40124a-aead-474c-a680-6ef2bb93390f,0.9666666666666667
cfde3a6e-d4a6-45c2-8ac3-f2412adaa1c5,35.18333333333333
c8097747-0ec1-4a60-b7b9-e385c62c8309,30.233333333333334
29f844fa-38a1-4ed9-892d-d6ea91e5c4b8,5.633333333333334
d21f72d9-dd85-4351-9339-d18c0e5f4758,28.516666666666666
ec31a02a-0d22-48fc-8abd-7f572b856271,0.05
a21f0b48-cbe1-4805-aeea-0d551d7d64a7,34.71666666666667
f07d708d-7e24-483a-9dbc-0378a9a422a8,5.366666666666666
d2c09e0c-e1b8-427a-b688-66959a10a43e,8.616666666666667
96caa9fd-3f6d-4f37-9ea1-4f5381a1e8f0,22.7
697b9525-f747-4e1d-9296-9f0ef8234770,6.483333333333333
b34398af-b5e9-44a9-ad7d-86525ac47a61,2.533333333333333
319324d8-5e66-4531-a742-9170fbbc6450,4.983333333333333
72d9c449-500f-4922-b147-7f7114c827e6,39.11666666666667
8eec0d73-c821-44ff-9ef3-b343e079681f,28.7
8441f905-545b-4887-9ae8-f5769d2fb016,17.516666666666666
ceec3078-ee6f-451e-aef5-78cc9038b55d,0.016666666666666666
2e9a7ebd-8cf7-4e8f-a175-b0b4e2ddecc7,10.566666666666666
75467bd3-121f-497f-a7fa-185fa5927db4,20.933333333333334
3ee969b5-9e43-472a-bf09-ee9037cffd1b,32.46666666666667
b21c0710-9f0c-48c9-9484-0eea73241cca,15.75
bea212cf-a0d1-4237-b18e-a1a1e0834c7c,1.35
418caca3-9696-430e-9c5a-be993b99be9e,8.15
b8079553-c6d6-4733-9e0e-e2578ea12922,22.5
14b66f6b-9c75-4217-98b6-8355dbc9d6d2,49.9
171c19a6-65c2-4eaa-bb00-3c5e77876c8c,0.0
7c4bbc15-e65f-4c10-907d-2f7cdd6116d7,2.566666666666667
f0ff3a33-1342-4076-9662-9b316626013c,6.666666666666667
09d86a48-effb-415f-868f-f676ee5bdb1c,10.45
c961cfd8-8c9f-410f-a709-98d6859da4dc,6.383333333333334
6c2ac9da-9234-4f81-a4e4-8e732fc2e9ad,20.616666666666667
22c03ea2-3e34-40ce-aa57-7a251a86adb4,10.4
ab83a90a-86ea-4f50-b9db-d98cad5549c0,97.23333333333333
53d685af-974f-463f-bc3b-4c8b9269d27c,12.116666666666667
5184fdbc-d2d3-47e3-b4d7-129eee714f5d,5.316666666666666
5c6d968b-b609-4127-bb03-71feb74039bf,6.766666666666667
9eb77a85-2bbf-4194-b681-2b8682cd36a1,14.066666666666666
1ae1fd70-b5cf-47eb-b94c-5f6d91aeeaa7,4.833333333333333
176a6a0b-94c4-4c30-82d3-62c229f337fa,9.283333333333333
031d31c7-5bc9-4893-a2f4-4076a8766208,13.1
7cd790e0-2f7f-45b8-8941-7da89e22363b,25.55
1ec85a6c-f67b-4ea0-b4d7-b67e22631027,16.75
dd62e6e3-16ee-451d-874e-7a1577387570,20.983333333333334
5d36568f-c2d5-4aad-8bd7-d85ddc81474f,4.066666666666666
216134aa-e47f-4d5a-b8b6-5db7c69e0e77,6.033333333333333
9ad98dda-5b47-45e1-8db5-254a3a6c0170,6.4
51a1690c-131b-44e9-8bdb-7b159dd2eb19,10.066666666666666
8e4b900b-b18e-45cb-abf8-ae14d78b4df5,10.3
65d924c7-eeb1-429d-a382-dd8ca5969b44,7.6
fffbda0d-cec6-4c9f-8137-e86e3cfeb98d,1.2
4011dece-d6f2-4f81-a69d-56169034e84b,5.966666666666667
5fdccc43-ca40-4bf1-ae1e-b6b53d5d973b,19.716666666666665
1cdd3011-2b3d-4f9f-836a-e7b027b6dac4,19.983333333333334
18c2ac19-470a-4cc6-8b24-11f15b337f08,58.483333333333334
7a42c1dd-3650-474a-b558-a78852b50403,5.866666666666666
d3c29bf4-2083-47a0-88ac-ec65b0231eaa,1.9666666666666666
dcf0a57a-e537-4f5b-91ab-4a0a116999c9,7.1
96ff496a-8249-43f8-ac35-806937e4b0f2,6.083333333333333
2b3b13bd-3727-40dc-acdb-bf9c0099dc10,41.63333333333333
881fad81-9332-410c-8174-af9f57fcb73a,16.8
957938e6-11e8-4d94-82c1-8b04f1076ba3,6.083333333333333
cf6a03bb-53b3-44e8-a36f-42b49ab68cc7,6.5
a30907ed-33b8-48e3-b55d-6f1e78da535f,19.816666666666666
7a9cac69-47ac-457c-a956-30a496037004,0.05
38f0ef9b-1e17-4cdd-8aa4-7b97caadb93b,13.266666666666667
0724ed10-ec9a-4979-9330-817ae48934d7,2.65
bd23145b-ad56-41e8-9914-a08ca7cbb886,13.633333333333333
8369b954-8b63-4b57-8c08-29884fe916ad,20.283333333333335
3838f6e4-f763-4b6d-88d7-7f9fb7201496,10.216666666666667
eab8365f-c9e8-4104-9c11-10d8b92f3967,9.9
ca2b3410-afcc-49b3-ad16-fe4155ec28c4,5.883333333333334
36c52ff1-7eda-41bf-b6c3-08ed5d432eab,18.983333333333334
77640250-15ea-48e1-af47-f1be3d2179a6,57.6
ddc599b4-8157-429a-939a-6006b36fe7bb,32.53333333333333
e9822abb-93fb-4124-b16b-3052c964d5f3,5.416666666666667
b83ce6d7-2106-4e7e-b087-9005d1f230e0,27.383333333333333
d5ec0154-b224-455b-ab50-c8d9c78d4826,1393.1
d28a71a7-e775-4884-8bd4-b28d64433938,24.483333333333334
ce7892ed-dc6e-4c65-b2f9-bd19ab60c31d,22.7
3d1ac5d1-bae6-4d15-984a-02e97f23bddd,11.75
945fd506-bbad-4b26-ba78-9d8a5520df63,38.666666666666664
e8405756-70a5-433c-b74a-60acf25f4861,1391.5333333333333
a38af88b-5ac5-40b9-9153-d8e5a9ddd809,18.966666666666665
7d107820-3006-41d3-bd84-95c34be01d3c,3.783333333333333
455509d8-0d30-48b5-b6b9-dc0e6f425a14,12.383333333333333
bbe3d4ba-e1f9-492b-a663-7aebd2e3f748,6.966666666666667
220bb3ee-8cc2-4278-afac-fb965ae6af38,5.65
e48527f8-6084-4179-908b-acba5c8cc8e2,2.9
ba508422-98c8-4d96-b462-71417af8ac74,11.283333333333333
96d8c23e-eba9-41b9-bd51-ec9bf7745610,7.333333333333333
09474d6c-3f69-48c1-8001-91509ed54def,6.15
c5556b39-18da-434d-a945-047c8ca1ff8e,8.35
80bc3205-85ab-47bf-bdfd-bb488574c5d7,6.816666666666666
eec0b7ff-89b4-49c3-9186-67b6fc7732c6,69.45
a3a04aeb-9fe1-4876-a559-56d6c7c18f20,8.4
738e634f-a38b-433f-b831-d789f562b681,9.6
a97bdfb3-109d-49ee-96c4-9385ab186e97,5.5
b38f137a-d8bd-49c8-9e80-028855328e7f,8.05
df70ff28-11f9-4697-bc28-f21c1ef4c627,22.366666666666667
2829178b-2f33-4435-9f22-7d415bdb8d18,7.266666666666667
c62b9b76-7895-49b1-9fc3-e611108a9f1d,6.616666666666666
e8ee29df-82df-4120-a369-fb01f9cd440e,19.45
50f53bb1-0f99-4730-aa29-3367e0e3b530,27.733333333333334
e0f2c4f4-c158-41e5-b5ba-d8d9adc0dbdf,8.183333333333334
b555b7b9-6ba5-4317-b179-8e1fab2f5611,18.716666666666665
0958f938-441a-4ad1-9c59-2a308b2d35b9,5.833333333333333
a21b8f80-76ca-4518-b91a-3e40ff0e165e,21.333333333333332
806da2fd-c01a-4728-8578-75bd12a1f167,6.733333333333333
c7bf7bf6-4be8-424b-962b-79d0874b02e1,61.61666666666667
7daad871-08be-4328-9768-69f4b4a23566,14.316666666666666
c357a3ac-e21c-4530-9194-3c6e6bb31791,6.583333333333333
937fb85b-a904-42d1-9fd6-3f0346771755,4.616666666666666
a0e63bb8-d899-48c5-b688-2a442a808a11,19.083333333333332
674fc2b6-7a75-43e8-abb0-b2b1f3dad58f,36.36666666666667
59bd2299-94d2-4b46-bb69-dd64ac3cf3cc,6.866666666666666
a02bac9d-78d2-4460-8004-5cd8334ff509,1426.8333333333333
35dd3d22-4046-411e-b023-c1e8604ce713,11.666666666666666
6493533e-b9db-4165-b3dc-5448e97abeda,11.783333333333333
87e4ccb1-5dcf-4181-8e8c-d9e7efd58157,17.666666666666668
7a98175f-618c-4b15-b07b-1dd4e3d42514,5.633333333333334
6ffa21f9-f784-46f7-b384-25f6f2ba1452,29.933333333333334
097cc784-adbc-4097-9309-c806738e7569,0.5833333333333334
d594147c-8dee-4437-aca5-20af5ff032a8,8.583333333333334
e2095ca8-a200-47b6-be16-4e1aee4c15c3,3.433333333333333
e928aed5-8d26-4694-a5ed-286d575d4a35,4.15
23e0d8ff-7666-44ff-9c26-57d29f364713,11.316666666666666
0f50329d-f906-47cb-bff2-38eabd7d3e95,9.7
05e5521c-7234-4a54-b378-e74c7999171a,18.233333333333334
394bace2-1a77-4d70-9cdc-243018adeee0,27.233333333333334
871eb9a6-c0b7-4120-8d08-b10e292e9044,10.25
73bebfb9-7b40-467f-9bd8-c08a5458bd8f,15.283333333333333
169535e0-fab0-45f4-b9c5-7120ea675680,4.45
6f259ccf-591e-4eea-8143-f639a24f8938,21.183333333333334
5e2e6a18-2e77-4307-8c26-e94bc108cee0,5.366666666666666
33f30a3c-bd3c-4dc5-88ab-8a432a58d29f,20.633333333333333
04e87b6e-4078-473f-957a-489b55ef0404,0.2
11ac4b72-8551-489b-ae9d-47929bb8dfd3,14.15
55598761-8ea9-4e2b-b32f-872cb3c8c52b,22.816666666666666
bfea3a64-bb78-4858-9436-448bb2fe3e2a,7.183333333333334
e7de5b3a-806b-4149-846b-9bd355f61dc3,7.783333333333333
0352b345-5310-4138-b9c6-5e1b27b3f974,7.483333333333333
851372a9-3fe0-49ef-a971-e0b7ade6c3cd,8.566666666666666
b6bc02bf-4d51-4755-8918-6467bd9588ab,6.533333333333333
7e338bd1-fc5a-4ae6-9875-745b4ee64117,41.68333333333333
9383bdd2-184f-4e29-a150-0f621a69e06b,16.316666666666666
965f6352-3ac1-4c94-b1eb-998969b90e19,9.116666666666667
c5392245-ea54-42c7-9c90-80b85a2387d8,5.05
5d21e258-cd9b-4b82-9fb7-d24034c4666f,12.033333333333333
518cd9de-f1ca-4ddb-b0ba-60505294929b,23.116666666666667
db5768f7-a3b0-444d-8989-4f8f509f8b84,27.066666666666666
0b2f6b5b-53b9-44e1-8702-472ef750d6f8,81.48333333333333
0405c851-6e51-497c-a6af-253a9a7c4e89,9.1
2502a246-b430-4b22-bf4c-058ed18feef0,22.516666666666666
e613895d-1fa5-48ab-9864-ee415ca9fb7a,1.7
ecdafd94-7a3f-4eed-92b8-984d6f9a8afe,1.7
33614f61-bb61-46a8-84fb-b22db2c3aff3,21.95
866757dc-1704-429e-8d33-581bc4014783,17.65
4c8a56d8-f376-43c3-9613-4be12e3c75cd,26.233333333333334
c4c6418a-343b-4a01-b5c2-fdb6bdb155aa,28.75
2ee43e4a-c8fd-47bc-8212-e68a76c8ca56,6.933333333333334
475d1b14-d7e1-4c93-bac8-e6b549fec6d1,26.266666666666666
a7a1b006-6126-48cd-a2a3-fa8c2c261d75,3.566666666666667
4eae8c94-95ef-4a37-8fd9-6a5ba52b4e21,17.683333333333334
4cc41e4c-cdf6-4f3b-ba4d-07a90135340a,15.4
57f919d3-4bdf-4234-9bd4-40bc7ddb20ae,4.8
83879950-3eac-404c-9937-d5a586a5e22b,8.2
572847e7-9cee-4be7-8694-c214d6ca69a4,8.666666666666666
81068954-7ee8-4d1f-acf4-9dfa7ada9ea7,14.666666666666666
da90f3c3-a846-41f8-9a30-684e648bd1f8,9.85
5cac676a-9ad2-4740-abd9-54ca3869498d,9.5
ee12ed59-64b5-4f80-83db-e322f3e530de,11.916666666666666
a026bfcb-7af3-48af-a20b-d4a087c6ad1b,1.5333333333333334
c34c1188-3c89-48a1-baef-04bdf4f260af,6.366666666666666
90f3b15c-8b3d-49b7-bf7c-525514b75bc0,14.916666666666666
0d3844d0-426a-4070-b478-b9721543ce7a,2.683333333333333
6c771a08-e0cd-4dfc-8af8-a0949df308f1,3.1333333333333333
66888854-becc-428a-8e84-46939f716920,6.316666666666666
1c9add0b-aa9c-4a69-b711-63dc48f41dcf,11.35
28fb2aec-1184-4681-9160-8719dc9291ac,3.933333333333333
ce522e19-2dc3-4c06-8924-a10211dc56df,13.15
69f376ba-d5e2-429f-aa1a-b4f05a7a9e69,3.05
4f83d9ba-58b6-4bbb-905e-aaf962944d71,18.866666666666667
414d1e82-038e-4234-8cbf-ab7b678752c6,7.966666666666667
c0855419-0b05-496e-b91e-414d59bd65b7,29.816666666666666
16b5b28c-eec5-4f10-ad88-ebc9b48bc731,21.966666666666665
c1fe70f6-5464-44cb-a1a0-eb67b290769e,11.016666666666667
b993f659-63b8-4e6e-a89f-d719698e9d74,11.233333333333333
1aaf03aa-8afb-49d0-8fc9-0f472472dda4,2.35
182dadc6-9d4c-4539-bd79-42549f8db545,6.083333333333333
787e2f01-9225-4742-b17c-ccf9e742f34b,5.833333333333333
11472dec-d457-4140-abf1-aa7fd4a0b164,19.1
821a4aaf-a60c-445a-a698-306c6e27528e,52.53333333333333
4611e53a-c27c-4377-a45b-f5de444c52d0,10.05
314876ea-578f-4783-b2ad-a5811e2c440a,22.016666666666666
13667554-f4a8-4881-8746-2248ae5a0814,21.85
155f90e6-403b-445d-a926-78f134caa580,23.833333333333332
8d4fd4ad-e0d1-4ba7-9a5a-6347552104ac,10.316666666666666
57f93d18-f3f4-4766-8402-59e47019225a,17.25
705458e7-ac3e-4f25-8644-1c51ef4e2d11,10.45
a7dddd0c-e3cd-4286-bf1b-cc0cb01d1fba,9.383333333333333
e62a6cef-ff89-4e7e-b1e8-39b4e245ad98,8.016666666666667
8f7bf709-d1f2-40e4-9463-1db664adc79f,8.366666666666667
0552fdca-0888-4f33-8df8-c388d641faab,12.6
7fd2fabd-4984-4454-b1b2-9ebd3e891e75,13.266666666666667
ba814067-9ff8-4e59-88ae-f75390910b18,5.883333333333334
337255a2-7d1e-4467-a31b-2f9b785bf1d9,3.45
6d0b2bd1-7234-43c1-b96e-03f2b49ffb94,0.23333333333333334
4a7d07b1-79e7-4b68-a99d-2489bad4e1f4,20.5
075e7577-eab1-4aa5-8438-c6b461eab664,5.533333333333333
f5f32492-a6a2-41f9-8d9f-49ba93a11ef5,13.383333333333333
2fc5158f-b577-4bd3-8ec9-0dceb0cffbac,6.166666666666667
f1cc6a3b-0335-458e-b1ae-9182bcc6afa9,40.86666666666667
d33a6818-314a-47b8-96f8-f7759079db0e,25.95
e8348ae9-a0ed-4e38-b3b1-dbda8f4087ed,15.466666666666667
2e557407-4046-4f5f-8cc4-11c9b08d8dd1,29.5
d80635b1-94c7-45e8-a7fb-e2ad34a618d7,31.883333333333333
3e8a5a1e-167e-49f9-bd08-8cd4928bb627,10.466666666666667
675c6ecc-e9ea-4d18-92ad-75be571dd022,6.6
8c8cf337-e433-4d87-87f9-1539e99c30fc,6.566666666666666
a7b840fb-69be-4cb2-b0db-0213b824f79d,4.566666666666666
9564b011-e8b8-4179-a1c8-c88d9a43b09a,10.283333333333333
e7102f7c-b1eb-4abe-aecb-bd8dfd70a3f8,53.53333333333333
cbc14735-0621-4335-85d1-6e9649f614a1,20.966666666666665
9afcbc06-a701-44d2-9092-9c766a81f46d,6.366666666666666
3e85402b-2952-41f9-8ffb-3a47c5a18c88,16.25
a5b3153a-163e-47d9-8255-ffba9787a91e,16.433333333333334
192b2b06-82d2-49c0-9a8e-559019442b59,5.616666666666666
47e95a0d-595d-490a-a24d-9c450cb83c67,5.666666666666667
019592bd-76d3-4c5a-8d1a-da36bc7b5ddc,7.533333333333333
51772bc0-7253-48f1-bb1c-4a6cf7f12551,7.2
374b21d5-f6e9-481e-a114-52c313dc5bda,24.05
360b7c90-4655-410b-ba31-0e96745af593,21.616666666666667
2beb9100-f975-470c-a42a-3fde9ded80a9,11.3
8d083bd0-96f1-4295-9cc8-80fa756fbdb7,35.0
afaa6a81-4f76-46e8-94b7-6e6274a423e3,4.333333333333333
89d492df-6e78-406c-a784-c88dff51274d,161.48333333333332
df5cb26d-5406-48f9-bec2-2002bea03ab7,0.08333333333333333
58718d32-889b-42b1-8c52-813545ec0083,0.2833333333333333
caa5b495-7b01-4b0b-a020-1b9898ce9257,5.45
e5bb767d-6603-45f1-9476-fd43017065bf,55.95
15275660-5a5d-4519-99b9-f3fe9483be76,8.266666666666667
9c6c9576-dc4c-4ac7-974a-66f1fced2f93,16.15
5081d43d-ea21-4903-abfa-c37b8e4dfa67,7.833333333333333
9b61fdcc-6f5c-464f-a90b-dd9a70c2cd35,9.066666666666666
47ce5340-9c6e-4be4-a039-dffc39900811,12.983333333333333
97f26169-7046-4e23-a65e-bd2fb8045c3e,3.0
143e8e80-253d-4ef4-80c0-22ff2c861955,4.733333333333333
563b92a0-ab69-4141-9086-37d165c5ef32,4.683333333333334
090c7827-1c8c-4191-b4c4-14453c2577d9,4.75
91a65bf6-1163-4277-a458-eb3ebba3cdbc,0.26666666666666666
b51146f7-6f94-405d-bcbd-90449c6ea477,1.2
1c277682-19e0-4fe0-bcb4-f158b29aa791,8.583333333333334
6edb5905-4bf2-4057-9b69-ca16baa50656,6.033333333333333
8af224a9-0eb2-4370-b37e-59cd5fb74b5f,0.16666666666666666
6665d4e7-c594-4d2c-adb3-96c5829a7bdc,28.783333333333335
d0df8d09-bd8a-4f02-bd3b-20b243235c5b,3.466666666666667
066dcf5b-2f03-44df-ba27-f5d5429b69f4,14.866666666666667
85337844-86c4-4fb8-8134-0a430757606e,67.55
ba9de0ac-1f18-4f45-8f85-4170d9831817,3.6666666666666665
24184963-24e0-4b32-9259-398e68dfae6a,4.116666666666666
a6a98569-0fd9-4a3c-a08b-59e633bed86b,12.766666666666667
0e221fd5-a323-4788-9e2b-2ccc7ce57809,7.5
59d25547-31b1-441e-bdb7-e54d2ede09bf,13.233333333333333
84099062-a8b8-4923-853e-68c9e61691ff,14.816666666666666
1cfda06f-cfc9-48ea-99a8-a440a5220aa9,12.066666666666666
5e6877b3-8287-4030-a8c9-0d957e4b450c,59.81666666666667
e84e7398-5270-41b0-945b-7dae34596884,10.116666666666667
ec1f2339-e41c-4f5a-81b3-c3d918643f2f,16.016666666666666
cd2f74e3-934c-41b5-93e5-bf878f834605,5.316666666666666
07c647f5-d687-4012-acbc-a49537581e1f,30.683333333333334
a434025b-7b46-4b3f-acca-c1365c0910ee,6.95
fec6d0c4-e6e5-448e-b15a-df2c5773d169,18.166666666666668
f46e2990-245f-4d7a-8ec9-8da9a02d3db6,1.2333333333333334
a98c4ecb-2da5-48e1-b227-46b0f548efcf,20.216666666666665
fb9c2e81-6162-4906-8df4-6bbfe92629d6,8.466666666666667
db2c4ac6-319d-440c-9a65-8d967154f8b0,17.1
ad1ef90e-a9a7-4267-8f11-3493870a6726,0.6
1d5549a9-9043-4617-9be9-8c015be303fe,16.716666666666665
5d72385b-f4ec-47fb-97cd-2b8d2e1782cf,6.05
aee69ccf-9809-4eb4-bac0-e42147e05435,8.45
f7c26338-fd36-4094-a46f-13592ae74acb,6.366666666666666
507bc172-25f1-4a26-b07a-a5efb0cd713d,5.583333333333333
7ec7505a-029a-419d-b614-9d0f34f05df5,17.383333333333333
0310e06b-61ce-44cc-af3e-c629ca21099b,11.05
d64663d2-7496-40df-a996-7b9360b0afe0,1.7333333333333334
430e19fb-3208-4b13-996b-cda3865d298c,14.166666666666666
a2bfb899-ded1-4e31-bf3f-7020a8fa71de,2.466666666666667
3e8374c7-43aa-4395-aeaf-81001825f4fb,16.416666666666668
dde677dc-5eb3-436d-afc5-9b5fca70fcd8,0.08333333333333333
cb8df6f8-86e7-4589-a625-9838decee945,7.566666666666666
601d848e-461c-47f7-b60d-d3382c116c69,9.733333333333333
205f618c-6411-43d1-b59a-ec4a376a4a44,0.06666666666666667
4272dc27-934e-4609-a9ff-62e9b485f703,14.4
b5e27ea2-cea1-4dbe-aa0a-1bb655cf302a,14.783333333333333
3f4f6b82-fadf-4503-92da-0914dcf4785d,12.366666666666667
4be0b77c-f0be-437f-b54a-67a7dca704b2,5.45
5c145096-b262-4125-b90a-7fe0d69d942e,7.183333333333334
bff6e267-99f4-457e-aef9-1abd1e99f0e2,5.95
b313e9f7-5430-4921-91c5-9bb91712ec5b,19.633333333333333
2077dccb-38da-4618-9c65-45153ed57176,7.883333333333334
4dece7dc-c739-4ca6-a7b4-18946f236f5a,4.633333333333334
0a34cc51-6d9a-46b3-9196-4f61d0038122,12.133333333333333
116e5220-886c-478a-b898-070ecd70989f,16.266666666666666
847ca8a3-dc6b-42e2-93dc-b659afd87128,12.0
fdec3888-06db-4494-a4cf-69e071b96049,7.883333333333334
25a854b6-53ef-45a1-9f40-e4e39e73d55b,2.4833333333333334
050ec34f-a1c1-435a-b603-cde9327dc923,6.15
374854e3-d5ba-41dc-94d0-4e3ecf9a6213,5.45
bd60942f-c265-4bab-971f-03fa1857818f,43.6
33ea661a-86c9-48d3-9b5a-aab5c2cbbe0c,8.766666666666667
417ab704-ebd2-40d9-9e41-b3c3ddbd0d9d,13.816666666666666
f86eaf83-2444-4cbb-a862-9ec1271686e4,4.433333333333334
17034349-4d95-4962-a163-9c0d2e88facf,10.183333333333334
182ff8dc-0308-4615-8593-a806afe530b4,16.216666666666665
fa03c87d-436a-49fa-bf7d-f33295e45f8f,21.533333333333335
3ddcab56-3306-49ee-b434-c409f105902f,11.216666666666667
80d0f6d4-c0c6-4027-bae5-d0def72fcff6,71.08333333333333
24618564-c48c-4706-9c51-a3312ad35ea7,12.666666666666666
383aec7f-fc93-4862-b7aa-39bfb21e7471,12.616666666666667
879594ef-6ce4-4c63-b22e-727e1c1297ee,8.85
fe8e3cd5-a18a-4df6-94c8-7ff0c5dc8e6e,8.25
48d3bcce-7121-4344-a2cd-c9c8597dbd89,4.25
7025851f-9d54-4c66-862b-a8ffaa4bcd0a,8.75
f57eda06-0d60-4a6e-9358-632e61bfdac0,4.133333333333334
27a3fed3-c6e9-4517-b0f7-a1e0c7598da1,10.95
e6cad905-1e2b-4a17-84e6-73c1c5addab2,5.233333333333333
68ed6d6a-6a29-4420-80e8-58f23e890e67,8.083333333333334
2e78bf65-c989-496c-b1cf-e82c1c21b5cf,2.533333333333333
0c97ec88-42ea-4142-8cf6-f9fe8fad0c90,0.05
72bd5e05-f222-4f61-9f34-3c3ef60f5b24,21.2
cbc01c12-ad49-4408-b6e8-0b7544c28b20,12.35
13cf5d3b-3446-4fea-9e75-4273742968db,6.516666666666667
2cdc92ab-a0c3-456d-a54a-ca56e77bc2e6,8.816666666666666
0e3124fb-4b4c-4c3f-aefc-ba37ebba13dc,14.033333333333333
a2d5dede-510d-4f89-b6f2-4e91bdbd8252,3.8833333333333333
a6c32e55-f489-4b3d-ad3a-e8e1af18e6c1,9.366666666666667
a633b52c-f585-48d0-aa45-cdcb8dcd2c17,5.516666666666667
64568cb7-0c04-478f-a80f-14d5bcebd304,14.466666666666667
b898072d-db46-4549-8b26-b56022e98553,22.5
11557539-c6fc-4d0a-b087-6b2622bcc9f6,11.766666666666667
44ab1754-bfc5-4225-8d1a-3ff9f79247d2,38.06666666666667
3d5635ac-93eb-445a-b91f-2df64a00d593,46.766666666666666
549fb6ab-b353-4187-b448-c6f2a2471edc,14.65
a8b31a0d-7279-4829-b043-3f6f12f4f827,15.266666666666667
d4764695-1629-4080-ac29-1dcea824353e,8.666666666666666
8ca5f15c-b674-4ed4-84ed-445f83661ad3,6.116666666666666
992255c1-b848-4c7c-b4c5-0af1c374d16c,6.916666666666667
fef6b78c-56c5-4aac-a7cb-644bc921ae76,3.6166666666666667
a000f036-ca27-4ecb-8077-b06adca608c2,5.766666666666667
d6630ceb-48bc-4e06-94c4-c545108257ed,4.75
7d6acb97-708a-41fd-9498-a4c3e7a6ba03,16.283333333333335
9f3dcb66-b9e9-47bc-8dc6-ef75b6a97f89,86.01666666666667
af2070ae-51de-4c80-90d5-e83fbd71bcdd,77.71666666666667
f80b0f38-d74d-4ac5-91be-8a7225bed82e,6.3
9bbbffaa-cdf7-4456-927f-e4533929bed0,5.25
4047ee72-a0fd-409e-8274-9fba7099599d,2.283333333333333
f96a445c-2d70-4fbb-9806-d236e740eebf,5.266666666666667
ea7dd445-a83d-4f7b-82fe-3c643056f2a4,4.033333333333333
88997b71-6478-4755-8543-f76225c80500,34.56666666666667
25d2b491-e9cd-4379-bcbe-8cd589f73140,15.533333333333333
f850ad79-3898-457d-ab9e-410b8d25ba73,5.483333333333333
8dc54a78-caa6-44cc-9af6-23300ea128a0,7.666666666666667
2d4500bb-f119-4bcf-a575-7aa48eb1403f,17.933333333333334
db066893-1308-4934-a08b-52bacce8425d,8.35
a2b8f4b9-91e0-42ce-aa2d-2ce8626ad0dc,13.65
5b22d90f-e821-4b14-a85e-d9624973dab5,17.75
58b467f9-aa30-4e98-ad5c-50f064dd68e5,12.25
90b03b6f-cfb7-4e6e-a567-c8beeeb0daa3,0.23333333333333334
c1a0ca8c-9323-4281-9153-058ee7fab90a,11.716666666666667
0af5544c-6526-45da-85f4-d607b07568f5,6.6
31a7becc-d891-43a7-afae-c70fd70c7c2c,16.116666666666667
951cb41e-46c7-4d7b-a314-c1ce2d657874,24.05
2aaf2860-6f25-4b0a-ab04-ad030de33dda,15.916666666666666
df2cf30d-4834-4ae5-b39a-71b39fe005ec,9.266666666666667
6982f046-2833-4a8c-bac8-da1b36f901c0,16.3
707dd753-87e5-49c6-a185-e3c0a7c1020d,8.366666666666667
4b272ff6-ec5f-4f28-85ea-877167495b06,7.25
dabe4da7-5371-4e0c-a0c9-5adbadadbecf,5.6
a7b0bf56-9839-4c23-9844-03a5bfe736ab,10.2
a23da778-35c3-4c38-94ff-d6e97519e352,14.833333333333334
482b72e8-bb68-44e9-9b80-af3ba8c5c6fc,11.05
d8bda279-2e49-472d-b746-788f4d70438c,2.0166666666666666
08d09b2e-88ff-4853-b8e6-d5ba44156f8c,4.366666666666666
f7bd42c5-5ce3-4002-810b-a5ea1992ee2b,11.816666666666666
64479e51-44b0-4001-8249-9b941540ba57,2.0833333333333335
880fb633-77de-48eb-a7ea-8adba73d1e49,1430.3166666666666
18ad017e-c512-4596-8ea5-15c9a20eee71,12.083333333333334
d308843a-60cb-4f25-bf80-1f11510a86c3,8.4
3c94a198-085b-47f3-b287-41042e5e441d,9.65
06a1c2e6-a035-4cbf-bbfe-519c06945e9b,10.15
40921fa7-9880-4c7a-a6f1-0287d677b3b7,14.633333333333333
70111ea5-f301-49a7-9fcb-a4e65074cba1,16.716666666666665
420381c2-f7e4-4c90-94d9-b259e98e683d,46.53333333333333
0bad2194-c8ad-4a91-8e3a-2c211d3f28d2,22.566666666666666
f902bbb7-6045-43ec-837e-2e523626ecf9,5.033333333333333
1ae179f2-affd-457a-8129-369c6cc32da3,22.516666666666666
da654f09-6a4e-48fb-b7e2-62600011d170,4.366666666666666
cb93102d-606e-4f5d-b488-ca5ee3a25847,3.566666666666667
0f26e4e7-759c-4f29-b384-347be26efdf7,4.733333333333333
8ac8d853-38da-4379-9133-78ee8ffa7f5e,13.6
3a967486-3016-4245-897f-116716efdb10,13.066666666666666
665c8acb-9ede-463c-8a7f-097046cfae67,15.65
07ba9611-2dbc-405a-9e00-4bdfe8e16599,6.033333333333333
34c5a4f3-b9a4-4e96-baf8-01c24ae84848,12.95
09033c86-e6eb-42ff-930c-9088e549213e,9.616666666666667
0b58ab0a-95ee-4337-b1c0-88b6893db221,102.63333333333334
356fce10-8735-43bc-b22f-50d84efb34b5,0.16666666666666666
a3419005-d14e-4294-be47-d549d88c557e,22.633333333333333
e0514dcf-d2d3-485b-8139-00f85f00211f,25.416666666666668
76f716db-7b0c-420e-b1e5-838afc660b25,11.466666666666667
efdb979d-2bf1-4e96-bb65-f9d8fea379ad,7.25
78e3a762-a3d9-428e-9f0a-8217255269ac,9.55
97227ea7-f1b3-40af-b0da-8898ddf01aed,10.166666666666666
e1a5aa4a-3684-458e-9849-7465d175758f,57.45
5d4258c2-a9d5-4162-9550-c7bf2bd6d02a,5.983333333333333
c82c15cb-87cc-4519-944c-80c79d671d09,20.633333333333333
e91b117f-4fa5-4aea-bee7-2d8509ab47c8,9.633333333333333
b34a5da3-5276-49b1-a533-f6ab97140dd8,9.55
a6546a7b-9e1d-4431-8618-cc7eae92dc66,4.383333333333334
a3a589db-03b7-4237-9535-f3e5afae6873,34.233333333333334
38cd3fc7-3069-485b-9bb9-5b7c702042d9,5.783333333333333
9e671627-f099-4c10-ac46-5b3b88858795,7.283333333333333
d3a7b686-ec6d-4ae9-a51e-394f3bbd62e3,14.266666666666667
0d52620b-f520-4227-91f1-fb2081824cec,17.9
fc9e4b80-3993-4e38-a00a-773a3b5f5472,7.566666666666666
89a2d6ab-4cc4-44b3-be3c-47fba1843722,13.7
46fbfb6d-4f42-4c31-957e-5ed1def959aa,11.9
0fc5f73b-a396-479a-921d-1e8064a69b41,4.783333333333333
9156466c-ec6b-4317-80c5-46551cc5dc74,1.6333333333333333
ce1c1488-c2af-49b9-b5c3-a649b0f85dd3,17.066666666666666
832e8046-42a2-4b7d-88df-3ff51fd085a2,1.2166666666666666
916bc2c8-b78a-4595-bbb8-5ffe90de69dc,0.2
9930e69e-3308-41d1-8cc5-785918bb8219,0.2
e6fb326a-9449-4042-aed7-ee9f19ff65af,4.85
be4c5f1b-1339-44a7-bd8e-5c4462a80b1c,4.0
f6cd2bed-329d-4c71-85d0-3f0b1938d00a,0.31666666666666665
01017c12-d94b-4efd-87ac-aa597eda1063,13.0
70cde384-a9b2-4205-abd1-50d78cdac8fc,9.916666666666666
b26bbe77-2ab9-4a1a-93fe-9590c9e0e1d1,2.7333333333333334
0aabb0f6-e8e5-4423-a478-73568017ff76,21.2
ad208b82-c282-42c6-ad53-cc7672aa572a,27.933333333333334
7ff3073b-aa7d-4797-b5a9-48398c5e2a85,6.933333333333334
3cfb4422-67b8-4d78-8d10-672e15c80584,99.41666666666667
17350458-097f-4d61-bccb-3f09a75cc34a,5.366666666666666
09a29eae-e0c2-4a6d-b49a-88a20fb259c7,8.116666666666667
e18100bb-1120-411b-930f-2bff6d733acb,3.7
6305716e-0693-4a21-8bed-9da2aec6a9e6,2.0
7f8cac12-1648-4854-8306-75df2ae486eb,16.816666666666666
8a55f5d9-c24d-437a-b4f0-2c23c3b1e9c0,9.55
2d997823-2baa-4d9e-9647-0f97119273eb,1.2
243ea793-f486-4332-98b2-f8bfc1d78f9e,4.866666666666666
0e8ef846-1516-4c06-b60c-ba30565a63f5,14.966666666666667
2a3dbb4c-5c11-4caa-adaa-08a5236df99d,20.633333333333333
0a730770-937a-41d2-bd2d-c60016449a7d,4.266666666666667
e485c335-cd41-42e2-b844-5e9e399d2a13,5.1
ae114a29-fa62-46b8-839c-631008161224,9.366666666666667
650fff9d-d2f1-40b7-a804-374b40c6d2eb,3.3333333333333335
5f8148cb-4f69-43a1-b843-38e3fedd0350,19.2
225b7c63-5463-4bca-b14e-bc1082f83ea3,0.1
caac11e7-15f4-4072-a1ec-9f08df5dace1,8.766666666666667
115ff6bd-adb4-42eb-b73f-3336492e27ad,16.0
1d430ae8-70c5-481e-a7f5-1f24c4135db8,5.216666666666667
40ab6f7c-9100-4183-8e33-67d1dd149ef3,5.0
30a8056f-6212-4845-a53b-ff32f4fc5e49,103.6
281f3793-5fd3-400c-9378-ab8c9c89df3d,7.05
0da7b557-fa91-4fde-b219-27480e3dc7f4,34.78333333333333
62d3fed0-2d26-4432-86f2-998337fca453,31.766666666666666
4ee2df01-0f5f-46c3-ac75-9e480f8be87c,8.683333333333334
3b07ac0b-c6a5-4a7d-b767-f205c505f1a6,4.583333333333333
95ad23d7-409b-49c9-93bb-2373ad35378c,8.083333333333334
2112a1cd-ceee-4797-b290-03e5a36c71d8,15.483333333333333
01ce1af3-5bc0-40bb-b464-3c55b58bc9ff,0.9166666666666666
ed5ca0fb-a875-4e76-b547-13681fb7beda,7.116666666666666
35d97641-a4e1-458b-959d-c6ecb2a4518c,16.3
e1c00f72-f442-404e-9f48-72c53bb4fa50,13.95
ff8a3624-ce5b-4511-bc45-bffec6399515,11.566666666666666
1acc720a-7ca7-4ffd-8c58-44d7345e2985,9.3
985f0e27-b557-4f40-aa0b-35dfea297635,9.383333333333333
177b52a1-84c8-4c60-9216-ea3d64f0283e,2.466666666666667
8097b478-c373-41fc-9940-0a78ba0f1d2c,12.533333333333333
ef6df4b6-82fa-4984-a83c-6cea3fe691fd,31.716666666666665
0cdafbe6-d510-4862-a5c3-8f862e6f8f2d,6.616666666666666
f2faa5d8-7e89-42fc-a26f-434c52906596,7.733333333333333
70257aaf-7e0b-4b41-9b6a-a100a782b75d,3.066666666666667
67935f54-1401-4143-8be6-edca1a41ebd6,14.383333333333333
c87e095d-525a-442a-9091-bbb735cbed48,16.966666666666665
76e3ee7a-567d-4c6a-a51d-06aa9c0b8983,8.416666666666666
2fcf39ce-39ca-4c3c-8990-e1467e642931,7.15
12e392a3-95b8-4636-8585-ca7b5a0b959c,6.933333333333334
f9a7cb70-d0a8-4d27-bb3e-25dab2c7c6ce,10.166666666666666
5fbbd3bd-a892-440d-8de9-7f682d59934f,7.783333333333333
24df49ac-a62e-48e7-a621-0178cdaf250d,36.65
55b52ce5-fec8-4b96-9866-8b6de33cfd82,4.633333333333334
e0cf4a7c-f332-44bb-a3e5-458cd776b499,9.333333333333334
a9e29dc8-3173-413e-9aa6-ea4f132907e0,20.416666666666668
d2728b83-25a7-400e-a50e-4237c13db18b,9.633333333333333
ef6621e6-e08c-4f18-850d-815c7292d431,9.766666666666667
bd884e5d-9e5f-47f0-bdf7-55414ed9f27d,26.933333333333334
2c5524a4-c3f7-46a6-aedb-72d83c45395a,18.783333333333335
dd674910-5682-48a7-bce4-1de06c25779a,0.13333333333333333
9c04fcd4-39a8-4570-9961-45332731c920,8.916666666666666
346ca93b-f178-4d62-88ec-58d9af804013,3.5166666666666666
6e7bd523-3a16-4f7c-a203-5bfb59daa38c,14.2
863e0642-737e-455f-b408-011e509b8759,14.8
a476f292-3908-43e6-b836-eace9dbceaa3,11.466666666666667
96ee8e6b-b6a0-4d7c-865f-69a7226b2764,1330.0
3fb4cee6-e9c0-4222-92b6-f452662e6f56,36.8
c5c61536-70b9-4101-8221-571102216257,34.71666666666667
c3d101cf-93fc-44ec-ad5c-f5d98842ee37,2.316666666666667
02570f1c-10da-4b66-a162-3cb2fa2ac658,23.466666666666665
193a144f-ffac-4f07-b8c8-1404d0572dee,7.583333333333333
2ff99071-9a31-4673-b52b-96e9bae10dcc,7.2
de02ee77-405c-4986-b6eb-6b6dc58f4a08,15.116666666666667
9ff3cbff-753f-427e-bc79-eb4c0b4a4d40,6.416666666666667
29ecc9ed-913b-4a81-b668-f0451bacd4cd,0.05
390e1578-ec11-40fb-8ef9-7de978aff4e8,0.13333333333333333
a79d99bc-6298-44a4-a89d-f1a958492e39,14.716666666666667
fd466e1c-54df-4a5c-b5ed-e657d2326db1,1.9333333333333333
3f685594-c04f-4626-85dd-15a145f634e0,13.683333333333334
f85850a8-55aa-4233-906e-4634b953076e,3.4166666666666665
d3398995-c153-46b7-984c-486c2903a820,5.816666666666666
005ff367-26b6-469a-845e-21b1f426779f,13.566666666666666
c6c94209-13fc-4d6b-8a76-4e544b4a16b4,9.883333333333333
64e203ef-7c1e-4f5f-8565-ecd197540ba3,6.116666666666666
5abcb734-2300-4a55-a6f3-cadfefa153e5,21.083333333333332
47147011-e841-4638-a604-5c9831e29a16,5.0
27443f3c-626e-450f-9d4b-14c6c8265055,34.81666666666667
185386f9-238f-497f-b822-9e2e56d7eb36,13.266666666666667
7ac97412-6d24-4af2-9df9-f6a34fdfb3b3,11.583333333333334
208217a6-9e44-4cd4-8ef1-42270e81b1fe,4.533333333333333
deb33fac-624b-4271-a89b-b0888c77e57b,14.933333333333334
c5d519a3-a636-4424-ac0e-536ec403d02f,20.283333333333335
e02d12ea-90a9-49be-b497-f22c829b2f9e,5.333333333333333
d68c771f-4378-4678-84f2-afd0546de37c,12.15
6eee1b09-958d-40e9-bad9-fe3db8238fbf,9.633333333333333
cfc62b67-78d1-4d77-9951-0c773d989b1f,24.883333333333333
240744ab-5a68-41c7-a64b-500952c13cfd,9.5
28734b64-8cdd-47d8-a72b-c6e12814e470,12.433333333333334
2f7ae015-a13a-4461-b109-d4cd3f543691,10.483333333333333
df41d7fa-f811-401f-9e2b-8c292cd911af,3.6666666666666665
3ec3269d-f2f2-49a9-b4e9-d2c229748a9b,14.2
8e3fb2b0-3b60-497e-a2cb-6464b0a81b0d,8.45
95c0cab2-edab-4931-8f59-ae93371b460a,25.7
b8a8bcab-49a4-49e4-bcc1-0796420f6b4d,0.08333333333333333
b227b230-b29a-4683-835c-a721f10ba098,1.7333333333333334
3860caf0-1e5d-4726-a3a8-69f99bf6fb98,56.96666666666667
355a949f-4881-43e7-b3c5-582d7dd4d94a,15.783333333333333
e184d8bd-9cfe-4dcf-ac45-8cdd75c5b1f9,4.766666666666667
a49a60d8-c382-4059-924a-8503f8b98877,14.033333333333333
cf3e123f-3705-4b50-be7c-4e8ef5fbcca9,9.216666666666667
8f809a11-af2f-4b88-b132-f3503e8c2d9e,2.3333333333333335
ec0ccc90-c98b-435c-839c-243081455249,2.95
6e04f85a-c553-4be5-8fdf-1f42afc4b488,8.15
7f7330a3-604c-44a0-ae1c-58c26c2bcb19,13.933333333333334
21de1fb4-891a-487b-a8d5-1ca8f65edb5a,84.98333333333333
c8add2b9-6756-42ae-8230-e63b5440a4a6,13.116666666666667
ff25f32b-f0ed-418e-83c7-872e738c242c,9.45
61341a1d-fa0b-43ba-8c2e-ea958e93b083,12.566666666666666
6419b4a7-af75-4d66-85a4-02190e35efc0,5.883333333333334
d07c98ef-268c-4727-b8b7-0bfaeadfba10,14.883333333333333
c541476c-dc95-4be0-8229-ab8364c0e18c,10.316666666666666
cb51f95b-8323-4bdf-838a-a7cc45b01b9e,29.666666666666668
c74bbd26-0ba8-4001-9b76-9d8a364b947a,14.65
86670571-5be9-4861-b13b-80ebcbec7946,7.716666666666667
51e5f969-12ee-4462-ad09-3ba0bc4b8dd2,7.5
17cfe918-16a8-4275-8ccd-64ab95ac01a5,8.816666666666666
6f727d3c-3189-42ce-99bd-71b88a02694d,7.266666666666667
c6111aec-e5f8-4fe2-839d-e6629f568ba4,11.933333333333334
a2a5daf8-07c2-4f15-b112-664490c4fab5,1.75
0c8156bf-55b8-42a2-b570-f9cdf76fdf7a,9.916666666666666
d18e2b36-0aa6-4afa-9cd2-082be856c70f,7.366666666666666
0d438320-7b1c-474f-a299-087c298c31e3,5.85
84223df8-061e-41ce-a583-69619947fc69,26.95
b371b0af-55e8-4ffb-b0b0-7e5f39355ea1,4.683333333333334
7f3586c6-e1b8-4c5b-bb94-a82237497c70,62.71666666666667
e19496d0-4de1-4cb7-8248-3aec49402d7a,15.183333333333334
368289e5-9265-489b-b709-49de4a1a7a35,4.55
537b5534-8e10-410b-823e-7580b9092fec,24.633333333333333
5e3ef58f-ec77-4e93-bc7d-5a744be20c21,4.1
307b2695-1499-4018-889a-5d6a5130675b,13.833333333333334
7a02047c-b701-4854-98ac-28313648fdb4,3.9
cf6dbeae-e1cc-4a82-8a18-e985240ccaf3,9.3
e728bacf-7044-42d6-b9c1-21ac26afd901,2.1666666666666665
1e3a3c4b-1789-4e69-be7b-e05fdde06686,17.066666666666666
d4bcd203-2428-4096-ad20-b314888a8e8c,23.616666666666667
382b2128-95b6-4d52-ac97-f1d5144f7d9f,35.733333333333334
c933db81-9e63-4f1a-be25-6d6be2d8edf6,5.816666666666666
3483ed3d-df98-43db-a7da-b9eef43483e9,13.25
b7510e8d-0452-4074-9745-1e5bd33dc2b2,1.5833333333333333
306df20b-8d66-46e5-b471-2c98efe57713,3.433333333333333
d828c2f2-c8ee-4ad8-9ca6-3a73890b7273,5.933333333333334
88e745b4-c1ba-414c-aac4-bea51ae5d96a,14.816666666666666
dee6665d-cc65-4c19-a953-d7ab5c6f134a,5.266666666666667
cf026068-2db0-4015-8a85-714daae27e93,2.933333333333333
b6b9cb5d-c469-4051-8835-f0aba4608430,4.016666666666667
0a0e091c-e19f-4ece-89f3-2f3c1a3baccd,9.966666666666667
0d3e3f37-2109-4088-b804-b68e73a6294d,14.716666666666667
7be8799f-2f90-45b7-bfa9-e5539988dd76,11.316666666666666
2a463fae-0d74-47ec-b471-c613248267e1,8.2
cb75aaa8-f97f-4aec-a200-31eb2ff9f7c8,8.716666666666667
d8fa8f92-1951-4331-a249-91ea54d80650,13.466666666666667
e347d18b-25c7-4f20-9ac2-3a036424a1c2,34.3
6a0df98f-cc17-48cc-9d9e-6cc70d3f8a45,10.983333333333333
36bd1aec-b1ec-4ed5-b712-e27413db9c1f,5.95
c0e64b52-739b-4f14-93af-74e1016e53eb,0.03333333333333333
a3958830-5e9d-4c4d-8b2f-37ab829a67d2,0.05
4172cdaa-e17d-4e8d-9794-78f5623eaba0,13.666666666666666
44987030-0fef-4950-a210-d99754a54cf1,8.016666666666667
c1825795-c24e-44f3-aff2-d6f19e79469a,9.4
d41aca44-32e3-4f22-a556-155d562c41c5,13.25
19323f81-a1ac-4dd3-9d0b-bd600ebff426,13.583333333333334
09b1bd4e-f9fb-4d6d-a714-8a70a0ef26d2,4.983333333333333
81408db7-2bfa-474a-b25e-6c1e73764d7b,32.38333333333333
94bf8ced-1d59-4d96-87a0-43191535c3f1,2.3333333333333335
28e3052d-ac28-4d51-8797-eac65c3dadbb,25.583333333333332
c5918c71-1635-4bd3-b078-1d4c4422ecb1,12.2
53ce0d9c-5e07-4a55-ad1b-2163b6ca0edc,12.066666666666666
750930dc-fa58-4232-9320-d1acd0b1282d,10.483333333333333
d20f5e61-6017-4dde-895c-b88af4c7576f,3.85
7fa9b3d1-3f58-4c62-b61c-23e00530d086,1.55
cb0e9ddd-9d18-45fa-85a2-63fb64c473a1,15.666666666666666
25d67dd4-457b-495b-b836-7d34f4bd25fc,5.483333333333333
4c62569d-79bf-442a-997f-2bb623eb0bfc,4.466666666666667
67ad4781-1a9c-4108-9bd1-d465138c17ef,6.383333333333334
15ecf275-e10c-43bb-afd8-e39100ce5e9d,9.333333333333334
c1eea502-4a74-431c-bb95-33d31eef8de1,8.283333333333333
aa000e76-6335-4295-b205-0ebddfe62725,9.016666666666667
eadcf39b-62b7-4983-8964-cdfb07ec8102,10.966666666666667
922d966f-4d1d-4914-8f0a-795cc4a7744d,22.45
38f02e58-fccc-41f1-a59f-35c650c9b9d1,18.733333333333334
65a152b1-5e57-441f-98cc-723692c3059d,28.266666666666666
c7520246-ca7f-4de7-b82c-e7c3a4865524,65.53333333333333
9533ddaa-d260-4e47-bbfd-e4e678946071,8.15
3f22793a-ced2-4a16-9a11-9ff9bc49e65d,4.816666666666666
cb28e1c7-dc69-4e9e-b7a4-5b56634ac3b2,27.016666666666666
037f3e7b-9b54-4b61-b4d1-f5ee8232f71c,6.266666666666667
6f6c4e36-7f97-4508-a1e2-f7030fdb5e3f,26.75
9b881136-cd4f-41b9-82a7-b2de43d8c47e,6.783333333333333
ae25431a-e3f3-4c87-9c17-41398d81ff7e,16.3
98bc60bd-053c-44a6-815f-a0cd59215cd6,26.066666666666666
f15dac35-4882-4e4c-b7e3-e0ab848aa348,2.6333333333333333
47f02c5e-9db6-4deb-86fc-af988700ce13,15.55
c5d3c0f1-e365-4927-a920-15e0c854525d,3.6333333333333333
a170dbdb-2d8f-40c6-8f4f-0ed9a6f27c4a,11.066666666666666
fe60be8d-c8b0-49e8-87cb-e14e2e5a8908,11.45
83ed5b71-933e-4378-a5af-7f8a9cc395ee,22.133333333333333
7a5fd505-a433-412c-a074-803f70b752f5,23.433333333333334
82d20084-5b22-4359-9a43-63f843c674d2,9.85
5691ab92-863e-457d-a7d4-caee183f27ab,9.516666666666667
dec20f9c-9d44-405a-a3ef-930a181c0818,5.616666666666666
e0669d61-25e2-4d9b-b497-d448517bd198,14.116666666666667
f2ecd72e-5ecd-4d67-a0e3-015520ecf758,6.416666666666667
2f6eb4e9-f8db-4d2e-b9e1-4a0068591f69,3.4833333333333334
54e185d6-df10-440e-b1e6-f120e8628645,11.083333333333334
45387bbf-01eb-40e2-92b8-54b756fba061,5.966666666666667
003ce42f-7fb4-41e9-8e79-82af73524fe0,15.066666666666666
1a0285df-3bc4-4fbd-8cb0-49a75b1af901,7.466666666666667
4748b108-86ec-4394-8dcf-fba0fac6b704,9.016666666666667
95ed915a-38d9-4b56-ad61-268b74a1b4c1,10.683333333333334
a4663db9-d0fe-4cf7-a9ac-36d43d9f6cf0,3.1166666666666667
414e310e-bec5-45a5-854a-379f9bb1cded,11.883333333333333
0e796f93-7ca8-45cb-9f1f-e1681edb3955,6.516666666666667
809db65f-038b-47bc-8177-18449823ba82,4.266666666666667
523d8abc-f661-46c7-85bb-f88a2c822bb4,4.033333333333333
fe1b2051-5be2-476e-9f8b-8555e76ec541,31.35
91de6953-eeb4-42a1-9b7a-efca8e846240,6.633333333333334
aa7405b0-6988-4ddf-bfdf-a7e0d29769d3,46.733333333333334
456b93f0-b751-4c3a-9436-fd7badfffd89,4.283333333333333
c17e3c52-cbb1-4aee-b818-1a67b9a0bb8d,8.966666666666667
dc9188be-fdcf-4a6d-a628-b690cd3ae3ca,5.183333333333334
7c2ba2ac-390b-41b7-933f-14138332edfa,2.816666666666667
1d0823ab-d521-4c38-8172-b1e195a1b2ed,16.7
a18d3c80-2eb7-4190-98c3-bd9da532d9f5,4.183333333333334
e072eba3-e398-4530-9c48-ec19e476097e,6.416666666666667
45062fa8-ec70-46a4-80f0-271ac0dae02b,8.816666666666666
efa38e17-8d7f-445c-8604-fd284ce434a3,13.416666666666666
40da3ea2-6748-4aba-9b64-8d290e4737a2,6.066666666666666
2831654a-c4ef-4005-bf27-f80f03453b60,34.46666666666667
002e5f61-f0d8-4294-84e3-bcbd1cdf0eeb,11.283333333333333
b8ffa9cf-bad7-4d6b-8e17-585b302aa471,4.466666666666667
06771f7f-2174-4209-84bb-f871855b0ba4,10.616666666666667
06490120-ff74-4bb4-8ee0-bb746d8e609d,23.816666666666666
23fab0b2-a00d-4dd1-b77f-58eb0fce75e7,3.3
151cceaf-f63b-43dc-8f26-c98689ed461c,16.15
a4a4ba8c-bad4-4e36-a2c9-a36257346263,12.6
9b306e00-83cc-4e8c-ab30-d100e9ba5e35,9.266666666666667
a7e8cee9-3d2b-4c68-8e3a-7ae152b441e0,49.2
597970cc-0478-410d-bd1d-8e03648ea322,11.016666666666667
284b0a9d-407e-4ee8-9442-c3525122b9d3,0.9166666666666666
6812f8a2-1b2d-4a32-a2c8-05e3f975ee2e,11.666666666666666
7d3db88c-becf-4fa7-baf5-79516d197239,27.133333333333333
4c72c5d7-1d84-488e-94c5-f4ea2b50d54d,12.15
cde489d9-1417-467d-a130-9b96d5280499,12.15
06f2aca7-1f56-44f5-bd5b-59d447b3eeb2,6.383333333333334
8361a374-cba4-4d11-8c41-8ed3f21341a6,15.666666666666666
e5fd2c05-5004-42d2-b35c-c30d2eef78c5,14.466666666666667
e6edf6b6-95d0-423c-9a13-87c0bc95cd29,9.633333333333333
2090a4b3-261a-4ae3-b7fa-0732c50bb49e,9.0
72b7082f-7240-4576-b40c-c434a38dd569,14.35
9a913d95-0e6f-4cd9-b25f-34597dd1eaa6,13.733333333333333
099ed4e4-4aa4-4c30-98c8-01998a8258fd,8.233333333333333
bbc0f6ed-509e-458f-a177-16234242634a,3.3
355f4c37-9c8e-4c1a-baef-2acbbc3dd205,4.516666666666667
8066ed7a-53b3-448c-a3da-b7addd4c00d9,5.833333333333333
7cda83f2-a752-4741-ac94-1825d84e1d56,4.05
f6fc33f6-b8ff-4f26-a685-2c9ed63feaeb,6.55
f8d487c8-9adf-4f6a-8d99-1518107e1ea2,3.183333333333333
d9f2b08d-0a28-4427-af72-c4cdb27f2345,12.233333333333333
5a971ebe-e2f0-4659-8b65-2dd49f258eee,12.25
d4f06d78-d1ab-49c1-a5d8-24a4ab26c773,70.43333333333334
13782274-b03e-4fed-a02a-d8793dcff0df,10.716666666666667
048dedfd-d531-4bef-a407-fe6ab9411be3,17.8
9f3d78f2-b420-43e8-b45d-6211689684dd,10.183333333333334
181bfc30-5477-4928-9610-fc7857ad62a9,0.16666666666666666
cb04b9ee-10f4-40ed-85a3-a2a8de88b851,5.35
3dc6849f-10ae-41af-a410-47eab0597968,3.7
b3f69d26-8ea4-46f8-b636-0700e93377cb,2.5833333333333335
3b938171-447f-4aa8-9e60-a391cfd516e6,5.316666666666666
1cef6d74-e954-4742-8530-86fb6eca4207,4.35
4eca31f5-39a8-4de3-a21f-1ab6ab633061,10.783333333333333
3d749ec9-dc3f-45ae-95c4-9bdd2748b8e8,3.0166666666666666
6c7ab998-4a81-4c86-ae2f-b2f7fd02aa78,10.816666666666666
1cdb859d-cebf-456f-9a51-987940540b1f,17.816666666666666
35e62edb-874e-4b19-a44e-a726dc94aefb,14.966666666666667
abe0b8f5-5392-4983-91e2-186c2eb05ec5,33.1
ce7f2e84-0228-4501-b3a7-d48017b86afd,13.433333333333334
12981280-254b-4bbe-898f-86ee091be0e7,17.683333333333334
d9228cdf-2117-4640-bafa-c2162f90b257,7.616666666666666
ec742142-5ef5-48cc-a7d4-569a1717c4d6,14.6
adb72b9c-9734-461d-88ee-715cb491e8e4,10.35
50d9364e-f12f-4d5b-9743-eb656ec8631c,6.566666666666666
8744ab54-3d38-4330-b19f-2b6e4dd0838b,15.116666666666667
c5c3ed0c-1611-4581-90b8-fb8afd6627c0,9.0
a91dba58-0f1a-4766-af1a-4e22e34b5c73,5.416666666666667
92a3abd7-3439-44c4-ab56-bd301688104e,9.3
fd8146fd-741c-4c51-ab4e-04a7176aa6f3,5.05
6a4d2e38-0644-4113-a5bf-6d5c73b4aa7f,11.733333333333333
4a2a47c9-10c5-4f60-974e-e46e1df9ca6f,12.383333333333333
45d6a876-0772-4881-ba59-3a26fbc69076,13.15
8b400753-4704-44f0-bce4-c928255a4b00,9.916666666666666
33024edf-2ce7-4dcd-b158-6dcc0cc59619,2.316666666666667
e575dcf8-8b72-4b20-9e9f-c69e7f0c5e93,4.05
d9d12699-d614-4438-8bca-bea09612eed5,5.133333333333334
b50c5508-72ab-4680-bc79-fbade690d4f8,6.133333333333334
f2b9a514-3f4a-4cb2-96a8-03d95d4ff812,13.4
e2f0e8ef-7ca1-4407-976d-4edce585f157,8.333333333333334
029744f0-4c45-4ca6-b74f-73c0384014a7,11.966666666666667
065e016e-f788-46a6-9530-623e6ab5b435,0.06666666666666667
015811cb-d246-48a1-bf52-f735dcd4bd07,4.966666666666667
50f69a04-79a8-4d44-9cbd-751e8fcf4ef1,3.45
e18ce536-ad76-434b-b238-c312bff8987d,6.433333333333334
c9926738-1c1a-4872-8ce0-8f97657ce20f,9.883333333333333
091860c5-2f4b-4639-b895-e65d3735a902,21.85
926b28de-f4c6-4105-8618-044bd5afbddb,2.933333333333333
136546a0-a854-4ca8-8c7e-7e1b0f759d59,4.5
ec91aa49-70a6-4d90-9add-b2cc1ab96b52,11.133333333333333
e7b8f4e9-e1ac-46bd-98fa-bfe81b81014d,14.216666666666667
8d541cad-5b0c-4660-a023-2a47070f8e32,16.6
7254aa0e-3d33-4d5a-a287-3dfb0af91f56,44.1
572ef087-5865-4fb5-adbf-2794a0157d1d,28.7
4e37c033-88cc-4ef7-88aa-8d71441932a6,7.35
b987fd0b-64f0-41b8-ab83-d5f785f164b9,7.483333333333333
5deaaf2e-437a-4fda-831e-0edeedf0158d,4.4
7f6b241c-621e-4820-8798-58c5bf3dad66,10.016666666666667
0820d1d4-5576-408d-8f2d-a75a5a1bf401,10.566666666666666
b382d28c-b737-4731-9a6f-49b876bfd1aa,4.683333333333334
90ace170-9683-46c7-8d6e-3c6835776768,22.833333333333332
f26fe9e3-1f4d-4903-acb1-974f4666a59c,29.583333333333332
bfba35d9-5174-49fa-8b3d-38a7722b0d42,26.95
1a4f60e6-1d49-4a2e-a985-8b7fe1bc0fe4,16.616666666666667
0321035f-4c4e-45fd-9eff-c1f4af9dafb7,6.383333333333334
e8435a7e-a659-481d-826d-25d63fb35495,20.3
2a6e0b88-2a8d-40e1-a2a1-a64244b4b8e3,9.966666666666667
e809113d-c770-46ab-9469-a9517db4b457,3.966666666666667
484693ac-28f7-456e-9a18-e621f2a95f71,0.8666666666666667
8105d98b-e958-426c-b914-db4bf0d67e57,16.366666666666667
cddf8a9a-e2f9-4166-bd2e-186e93294f52,7.733333333333333
c6d52351-bda7-4be0-b214-609a275d7532,7.883333333333334
36b64216-dcb3-42c3-b59f-da51b48f9ce5,11.833333333333334
a501a12d-1964-491d-aa0b-5728fba3c616,4.05
bfd9d064-e3ca-49aa-9979-58e167dc1d5c,6.45
f3f19530-5833-4a95-bc8a-09deb586bfe0,104.38333333333334
e0beeea1-0927-4cc1-a180-3e8cb1203748,5.183333333333334
7f9b5804-69ce-4c56-9c25-eec003ad2355,3.45
77d38c34-4657-4be2-a591-2ce55ed38e8a,7.316666666666666
fbac8428-229e-4268-83cd-afdcc2ce5d12,15.216666666666667
f7ad2f28-cf9f-48d5-81f7-7c30994cdf47,24.183333333333334
3853fea7-3a79-4c13-8739-ca5b2228dd9e,10.616666666666667
7b302d39-7553-4aac-bf1c-a22080ebb99c,4.116666666666666
98cd5eef-d96e-4669-adb8-e05a20b41906,6.916666666666667
90a5e6e5-839f-4ab1-8895-4acb9fa822c9,13.85
178931c7-c136-49d1-b2bf-c2fc7ea57d92,22.616666666666667
d60f649b-8ac7-4892-8af4-bd91c37ab0a3,8.466666666666667
36ed3575-88f8-4e46-b293-8c5e576d7608,11.383333333333333
7e1d5077-b04a-4c21-a6dd-47d0d9e0a4dc,11.283333333333333
3954483e-aa81-4a79-a612-a101dc4be1c8,13.233333333333333
3b989ffc-13c0-4d82-9566-f692fe39dc74,8.083333333333334
9fcc1bcb-b3d0-499f-983f-ec2daef74fe3,14.266666666666667
8034d915-b896-4470-b063-8b9dd4a4205b,6.083333333333333
87b4a4ee-34cd-43b1-9659-2c01818bbfb4,25.766666666666666
3007d7e6-d639-48cd-b45a-1e40b7fbb158,5.416666666666667
efa91624-b7c0-4261-99da-b499d023933d,6.033333333333333
d840b7c2-8782-4fe2-b561-f90d409958af,18.25
b2df05bd-f590-4072-8579-252906206bc8,8.2
15d35251-5b91-43fd-8e9c-031142d0f435,9.733333333333333
b8d1b6e6-f5b5-4705-bacd-d0a47189cea6,7.583333333333333
1cc820f2-32bb-4b65-a422-895d6a4b26a1,8.35
fb5cb03d-b2f6-433d-8e31-330c1827f668,6.166666666666667
0f282afe-945a-41f6-92db-aa537b0ec3dc,15.516666666666667
522e61a6-9a69-42ce-a9c1-76e54bbfd409,45.25
3774a26b-93af-4575-b925-cfa0d41db74f,55.11666666666667
2508b277-d799-461e-8c7c-7f99a8c3fe25,17.2
9b772cd7-72aa-4fba-b178-343834ba1f7f,3.816666666666667
450d768b-2ffc-4f42-8f13-44ee544831e2,1.85
b5acd365-e22b-4d87-8fa0-02ba94002d6a,13.333333333333334
8a59a47d-59a3-4459-a1d8-1a152d570a6c,12.416666666666666
c4a577fe-01df-40fa-8b80-4d8a7ed114b3,9.25
a5782206-2379-4660-8d2c-b6fce3054976,23.716666666666665
31d91cd2-1488-4371-a2e8-a91268f0de75,8.883333333333333
b011d8bc-495f-432f-a446-cc9f2322fe34,10.516666666666667
9b7d696a-258b-4774-8040-6735620884eb,29.25
fdce043e-2ae5-415a-9168-1af47c7dae13,75.61666666666666
0b0704b7-6df9-451c-9e5f-767527625a2e,3.6333333333333333
35916653-b39d-43f0-bd19-81a609cf5cc0,4.516666666666667
4be1c76f-ea37-4474-8b41-c78292658321,9.25
d7c46b5f-201c-4f87-8e6e-3a0abc1fb375,12.783333333333333
add71bee-1213-4951-9b45-679467752032,36.2
d4763e71-b057-4184-a11d-1ce62a8d2747,25.1
e95a3e77-0890-4922-b630-5e210dfffcd0,13.583333333333334
4e269c7d-08dc-4eff-80bc-c8bb18a1427b,35.65
b24c4af0-da3a-4cee-90a9-b8ea98295048,24.05
cc6bf29c-5179-4043-97f9-3a844d24d785,7.033333333333333
4dc59da7-3caa-4ead-ac4d-ac1764e0a167,21.983333333333334
6ae6b503-b226-482b-833e-c1318bd50104,12.3
1887522b-acf8-4575-8574-33d7835fb433,15.7
78e76ff8-d61f-4cad-ba1d-cc741c2b3789,9.8
91c333a4-12c7-4cae-b10e-f49953b0876f,20.95
c294e17c-77eb-4321-999a-49cc94603b1e,6.95
975a4296-b97a-41cd-aff3-d9cdb45272df,6.183333333333334
f2d6754f-c92a-4db2-a93c-c799fb57ec72,7.533333333333333
2ddeef95-a3eb-48d2-9a76-0f06518c4e17,4.066666666666666
91f30d10-91dd-4113-9d35-9b948bc6fd6e,8.033333333333333
76c78c29-a22b-46b2-97bc-ed8857d3e2ca,26.783333333333335
d1ffaf80-e5bd-4c49-ae5b-2c1971d586cc,6.466666666666667
6c141e87-7bf0-4d58-9d01-faf6f6bf6784,15.233333333333333
4a01d636-4c10-4cd4-bcc5-f278c77c555a,4.75
19436cc5-9fdf-4b7a-a966-802bdb544b11,4.65
4a5c68d7-90ff-4c5f-9cb8-5f794f46f32c,14.95
fa21503e-74df-43b6-aa36-c0f70f598faf,4.166666666666667
fe3efa7c-908b-41dd-8e2c-1c34af5ed7e1,2.3333333333333335
e11751cb-e888-4910-835d-852fc254e116,4.783333333333333
79459e6a-4d68-4d39-b09b-c4ab10ed0a36,9.266666666666667
0a2e501e-b2da-418b-9ca8-73fe068fc4ce,2.0
1f4fc6d6-a098-4139-abe3-764a27e0a10e,6.166666666666667
6fdb9300-1a89-47a1-85ca-df2be8475bea,6.933333333333334
69b2cd89-0326-47e7-b4c1-5dd2edd7d21b,12.75
bd96116d-771d-4da3-9147-0543e8fca128,20.083333333333332
f042571b-0db8-4f71-b4fc-98b9f342c522,6.1
57909ae3-07bb-435b-b100-27f57550cc15,16.3
d48fe256-ca4d-4402-838a-416a76c5e97d,22.683333333333334
5886da21-a851-4600-82fb-874ff2e99c6b,41.85
c4d5383f-f94e-468c-92b3-5d67b86a3511,11.383333333333333
cda83daf-2004-4b0a-8f04-ca478f7a4ff3,7.316666666666666
0f17552b-f6a0-4713-9f19-2e8871894d91,0.016666666666666666
892b7715-77aa-4952-97d1-1cd17e90999c,4.933333333333334
dc3f90d0-86c8-48da-a44f-5ae3b4df8261,2.2
629eb0c8-805f-4891-85df-51610fb330e7,38.833333333333336
8e619aa7-2d77-4df5-b761-f6c432743e88,12.116666666666667
c5820abc-7002-4966-bdbd-fbbb12c45311,4.816666666666666
6f35265e-dfc5-4e89-beae-21cf70aadc8c,13.6
3bdc4cc4-4410-463a-b237-96a30eb73565,11.633333333333333
755c62b4-615f-47c0-865b-efaf61afcae5,15.083333333333334
ff480bbe-a233-45af-8ab2-c3225a64e712,9.783333333333333
dc39ec54-9650-4f0d-b6ec-31bb4c393a80,4.75
864e2c9a-a133-4c85-bf30-369cc968f718,10.583333333333334
6962b994-f5f3-404e-82bb-95a147853353,4.35
901b2abe-4066-4679-8195-36ddc1b70f01,44.416666666666664
21ffa8ec-6c12-4b76-beb1-1b66fba98f08,11.8
4360db4f-b086-428f-abb2-232ef7cf25e2,12.9
0eb2f4bb-a97f-4a54-ab66-6f1035c492d5,2.316666666666667
6a5a8791-0983-47e7-ba1c-85958cc664f1,8.6
9109e5d3-2e27-4221-99f9-bb4d04ba066b,10.9
ea4577b6-3a3b-4d1b-9b16-52539b188d15,15.183333333333334
be8802f9-a9c7-49b5-9308-3269b4911d63,19.1
fafd8e66-e17a-41ab-bd7a-1082f9f7904c,7.766666666666667
28c54c4e-c477-4dbb-98e0-7601fc77b42b,5.65
62d9d287-83cd-4385-be03-deebbb7ace44,9.2
1ae6cf33-5567-4e0f-8f4d-ac33482e1968,8.633333333333333
a49654a8-dc84-432f-955e-6916aaee7930,15.583333333333334
14dbc627-563a-4cd9-a72c-c93ea2214a82,2.966666666666667
dc8da3d2-da3a-4236-a4de-dd2030e53e7c,8.266666666666667
2c4a930c-74f1-4aa3-a44f-e9ae50d1b5c8,11.333333333333334
aebe3329-fd68-4493-84ca-d4900e7c1816,0.6333333333333333
95f1a412-4976-400b-a7ec-d983e47e1988,14.166666666666666
93cfc8a6-d658-42fd-8ce2-207d2129cce9,12.116666666666667
c56124e2-8572-4155-b4c9-1c18b3a928a5,5.35
790bd497-fe1d-4a97-82a9-27debf18c016,2.95
25796b57-4fd6-49d8-85a2-f6b0224fd276,4.016666666666667
5af1eddb-d129-4501-8b97-90505c9dbf21,6.1
8f81400b-0d99-46ad-99ce-2f965123d835,12.666666666666666
c5656ca7-7961-4d67-ae4d-2ea584c60600,11.733333333333333
e8cdb597-3c23-4fbe-b319-a96cbc0a4b89,10.65
031aec41-3274-462e-a76c-e85401273445,9.383333333333333
8356914a-2943-4376-8bc4-05216fcd4fb6,21.05
d3532087-557c-4438-846e-1a9d8c07cebc,14.116666666666667
c196b24b-10fb-48bc-9bb2-0d23eb5ab2da,15.133333333333333
a7a30300-03f6-41ba-9cd4-2852f4a8bf4b,12.783333333333333
0efd3a4f-42bc-41cc-a683-0e8e424abd5e,6.5
2825f32b-323b-4122-8977-a87fd1abc3df,12.033333333333333
52a37648-27cb-41db-a662-52b339adb9f7,12.716666666666667
2dba9864-f869-4c0d-94ca-5cab758b8b4a,19.35
3a5993d9-c070-49bc-aac5-e5d065951d2a,8.533333333333333
1fa3db8a-1de9-4665-a8e2-7cb7d9a97be1,19.8
e06d45b1-d891-45ea-bf89-9273ca46577b,18.25
043fe4df-d903-4577-acb9-67106fe5510d,9.533333333333333
dab1242e-c40e-4261-b169-406f52204166,24.533333333333335
26448ff2-c673-4f10-a13d-ef4c03e47e14,6.166666666666667
fde4a75d-7e41-4257-a02f-d2c4b93e2124,17.566666666666666
fb04bade-d74a-432c-8ede-ce8148a9a0fe,55.06666666666667
5e228c0f-4466-4c22-a104-bac39667dd2f,13.433333333333334
b87e1e32-96d5-42ca-b428-3edddca38e22,16.9
33754664-b93f-498b-96dd-d52223f63992,1.0666666666666667
d309f849-0b79-43ec-b994-cc8949c9ffce,7.216666666666667
0643bf11-65bd-40d0-afa6-87d1ac6267a6,14.516666666666667
f92fe116-eed0-422a-b566-43a218f581b4,0.7166666666666667
023798bb-75cd-40ab-a6d3-3ff45d8bd9b9,17.4
eb562b28-b1c4-41cb-b279-6ddec5f8206c,9.7
971dbf48-0efe-4354-9c4d-6eab2f54b983,48.86666666666667
e2ebc09c-1c74-4bbe-9068-35b37bf77acd,17.566666666666666
283275d0-7180-471a-b132-81b87297196d,15.533333333333333
3c0f44a5-2ea5-4082-8239-0ffd05054edf,19.833333333333332
42c3680b-f413-4b6b-9478-17238a1fb1b0,36.18333333333333
2c352147-8ed9-4fc3-9dad-1916b2b49fa2,4.8
e9918018-023c-486a-939b-83d22f7f6228,18.683333333333334
6bb598c9-f0d3-4aa2-b449-9e6a177afe48,10.883333333333333
733a39d8-0a23-4f63-860d-859a4f001ff7,43.35
13da0c13-dc9a-41ab-9c4c-7b5a44603b76,17.2
1252c992-be84-4921-aae3-8e01507d5479,17.266666666666666
185189d9-9171-4f0d-a26e-cb54b32c7eb8,11.983333333333333
615f9343-5eb7-4532-bb92-0e49ce7b913c,6.833333333333333
3a4d2061-26f1-41e7-887d-a25bb4ba8011,14.133333333333333
af4c52e1-6829-45b1-be30-56030da03a64,26.366666666666667
d88d474d-bdab-4d4e-8c60-a1949def50e5,15.016666666666667
2f835ca8-e1fc-483a-88de-ef814fac83a2,7.183333333333334
db4988e0-fe30-4a6f-88cb-b4fae7f6921e,5.366666666666666
411e9991-75fb-4d2b-a83a-5b42c425518f,17.3
81dcba15-ccbe-4e66-a539-832f7effbe7f,43.7
23361a6a-2aa7-4ef0-9fb2-f8315c708a92,64.95
43485be5-18f1-430b-9f0f-9c3a2aea11cb,5.266666666666667
03fa78fb-40e0-43ef-bff8-c54065978d28,9.566666666666666
d9191c15-c46c-47fb-a26f-3cd7bd7e4b1e,6.083333333333333
72a8601a-be51-46b7-9bff-5f3a09453a70,5.516666666666667
b8dfdaa5-e99d-4ac6-b7b8-21dd514cf52f,51.15
3b2f0e4d-62eb-49d7-86f8-2d5a6714ee9c,10.016666666666667
f9052855-c0f3-4ad1-8fda-b2e1b8dfe5c7,9.033333333333333
08b72c3e-2aca-4bd1-8fce-e240a34ac300,13.116666666666667
70733636-4b07-45cc-9707-234a281afdc6,17.45
fc5f4fc0-2ceb-4498-88f3-d776fbf22ec6,13.5
836aae96-b96c-41db-862b-8cad1a3d0c35,8.6
e5061da8-39f1-4050-918c-3dd6e6216569,18.233333333333334
643de5b1-d655-4bb5-a37a-48af6ba6443b,5.35
ffdce2c4-52bb-4e31-9c1f-524b818fd92e,7.683333333333334
d5a1e129-11ad-4b03-958d-e8140c72f9de,9.333333333333334
0e68062c-0114-4a8a-a0a2-e38c2fbc199b,17.316666666666666
5e2a75a9-e41c-4fd7-ace2-d9d516de1595,16.3
45e8f390-01b7-455e-b1b5-4d17825e4fd4,11.116666666666667
15cd5449-853b-4246-b969-58e68119161e,9.6
046e2bdc-bc3e-4548-af13-67458fc2f745,13.583333333333334
d7f86e36-51d3-4497-84af-23fce9325c23,11.316666666666666
93c94282-9bbb-4701-b8b4-995fb923adcb,6.666666666666667
c6ee92c6-fab0-4ea1-8015-60ba7ecdfc30,4.116666666666666
ce74586b-caa6-4441-bbb9-9d1e51b3cde2,17.733333333333334
407c37dd-4b18-4f12-9112-4f8364bd25c4,8.866666666666667
543a234a-3cc9-4d45-bd80-41ce6c376587,24.733333333333334
770bb2e5-a28d-404a-926a-abb808adea6c,10.35
828d07d3-6f32-4397-be6e-6914ddfce4a3,10.416666666666666
2f5e25aa-c412-4ca1-8690-1854ebb19759,10.283333333333333
81d5fb2d-394c-4235-aeab-61acf2854e77,6.683333333333334
603175a0-0e06-4756-bb2e-66486eec1e36,10.733333333333333
ceccad5c-455c-4381-ad69-b14fa09c89a4,23.25
ef3f2447-27d6-4bd4-9adc-e2d62696b86c,13.416666666666666
478dad4d-c291-4eae-aacd-8e115e621121,6.833333333333333
58e3e46e-92fe-478e-816e-8f3ae42045b2,4.1
9edef85b-265f-4b4c-b603-bee1abf5dce3,7.166666666666667
6b60ac13-84a0-4dae-9da8-03bd1d82d106,32.81666666666667
2b50a9d3-2ed2-4121-8bd2-ab119f840c6e,8.966666666666667
5a477a15-afe1-46a9-94a6-af38aa818289,21.183333333333334
2857e18b-bdf6-482e-b71d-b73c211f1be5,13.466666666666667
a34fdd36-50d0-497f-a69c-f32a79a32b3f,22.45
d54e2af2-87a7-4a4b-8750-e95ae9f798bc,8.133333333333333
cde5f0f2-5f3e-4f32-a55d-18b335333a00,8.25
8b418dcd-283f-485a-b72f-1b70bf6296ae,14.433333333333334
d0dba7f1-8703-4f96-8d37-61cc073fdc06,5.483333333333333
ef11ce50-2291-403e-9789-6b32bfb7f456,24.066666666666666
20656007-350d-4fcf-9905-dd909278b2d9,4.716666666666667
91a845da-af31-4229-ac75-4bbdee14629f,33.0
7775b38d-b55d-4418-bf81-ba2f5df07c22,31.933333333333334
30f5b511-294c-4205-aee2-a43c78d1b503,63.766666666666666
9a4e5ec9-ff12-4434-ba18-38af46610483,35.55
48b69edc-41d9-449c-b644-eb8f6d37fa76,12.283333333333333
17e74d69-8ec3-44de-9cf9-23e0a7aa6c2e,5.6
4ba6344c-f7df-4e21-9b5c-e39a7dcd0bfa,27.2
af90381f-e110-43e3-ae30-1225a85117c8,4.283333333333333
d10bb899-1267-4524-9c78-f5503f0cbb7b,10.616666666666667
b2820618-a236-49fa-bf2b-6a08a8e4c7b0,10.516666666666667
ec7f2fec-8cef-4cb5-a8bf-7ae491b64ad0,10.033333333333333
42e976bb-cd81-4e19-bb80-b9ce77003575,5.033333333333333
ee54b646-1deb-46d9-8c63-3b0dda56a6ae,8.983333333333333
d02aa6f7-300c-4d4e-9568-3ef4ad9d3cef,28.35
a179015a-5545-4668-b96a-6af04def9124,9.716666666666667
556f0d0e-6b15-4370-ba1c-577e5d3baf4b,4.65
7599a9ee-0e23-43ce-ba10-fbc129c23245,6.733333333333333
70d5e98e-ef41-4372-8415-476818b3eaf3,4.866666666666666
545eb0e2-cc7f-468c-a7b3-91157fde371e,13.316666666666666
c7d40a1a-b9e8-4f76-9257-e66f53e082a7,13.266666666666667
15f84b0d-611a-4cb9-a2c9-3b42ed2744e6,14.516666666666667
166041ef-8697-42d3-91bf-2534c36ec4b9,12.416666666666666
29748bf9-bf2e-487e-9b87-ad7dc36f81ae,23.2
b493742d-9f9a-46c3-9248-b0ecc482a5a5,38.03333333333333
3ca86017-8a8b-486b-90eb-2d52a2cef620,10.233333333333333
b8866485-9de8-47f5-84da-b04a74d7552b,7.15
8f298792-6d60-4334-8f63-736ab054c6e9,18.8
35d30b9d-f873-4a57-8210-9566077c18d2,10.633333333333333
6061b7fa-107e-4062-b8f0-b13d61b36cdd,8.183333333333334
bda8642a-afdf-4fc9-98d5-cc4f1210b634,25.466666666666665
b872dd16-3985-4496-a1a0-043e13b4d75e,1391.1833333333334
f0f90802-f5df-4e78-9ae0-cb6029db95d1,15.483333333333333
6d0144ea-2ba1-4fa9-ac85-38602c1ded3e,15.683333333333334
6f7b74f0-d3b2-4c01-84fb-ad730275f310,40.13333333333333
debcf960-4008-4576-8384-f1cde8316f58,1.0833333333333333
954ee44c-b906-49e6-a7bf-5d4db4c93a04,5.7
3981e024-acb5-43ea-927a-79766e9c8e8b,12.916666666666666
d4ce8456-96c3-4d79-afb9-26c4586e68e4,13.133333333333333
d8205ce4-61ab-451c-af7e-18a8aaa43fb8,11.183333333333334
af0b69d6-0d39-4049-b2e2-399814f37078,19.05
ccc3e266-ac81-4cde-b237-9c934961fa32,11.683333333333334
975c0231-4e6a-43a6-b2a4-31cbadc89caf,15.183333333333334
e1faeff6-446d-4868-afc2-7cea0a0b7fa5,4.166666666666667
354a13cc-8987-4e0f-8f24-1df56e2181c6,27.433333333333334
6f13b7d7-fef1-4334-b4bf-b376808abe5b,11.666666666666666
a6129603-27b7-4b75-821e-186001479f51,90.83333333333333
e0148f08-7aee-4283-97f2-fb598933c67e,53.06666666666667
c16bb275-dc2b-4fd9-a66e-742bf168de92,20.783333333333335
cb9d78be-6948-4134-b6af-53345b83b0a3,4.133333333333334
5ddd53a2-9c11-4df4-95ee-0b6561085d72,17.2
0d2eda67-f8d6-4995-8acc-2d7db575ae0a,14.483333333333333
f10a3a25-935c-41ff-bce7-30398ef70bef,13.2
effb9a1b-cf5d-4001-b59b-36e8db246498,10.766666666666667
101be1f3-b0c5-4a7a-80d2-865274663679,1.4166666666666667
6131858a-d6b5-4ad0-817f-5697605456ba,6.116666666666666
7a0e49da-69e0-4251-8f38-6252dada91d2,23.083333333333332
2e00beae-bf84-4a7a-afd2-4439c43d43f3,21.266666666666666
7d568819-d96c-4655-aeee-e5f39b16f463,10.333333333333334
eff9049d-522b-4b69-8f33-bccab3722a09,11.233333333333333
1fb4cbcc-7d94-4fa1-86cd-e43a1413411f,9.666666666666666
ad1e4223-a570-4b32-9964-b036ac64619c,7.383333333333334
2f1fb008-d2d2-463a-b51c-c80ad9159b61,68.26666666666667
b13a5f2c-211e-4873-a2c9-0668d318007b,21.783333333333335
b73674a8-5fc9-48bb-ac4e-44c0a17815a2,56.583333333333336
5f38b676-7789-48c9-bf63-1f6c49194316,9.933333333333334
09da36f5-5cb7-451a-b979-004e3b69cf63,3.466666666666667
b9e197ba-33e4-4a51-a281-0c7fbbd32050,21.516666666666666
5c77b0de-dc16-46c0-b938-0c9ed8bbb51f,81.11666666666666
7da5fe42-16a6-4849-a17a-2ea019171530,18.316666666666666
945b6966-5064-4d43-8c46-72e45dd7ad42,13.616666666666667
69daec14-8182-48cc-9a85-0e77d7c64a01,6.166666666666667
18caec02-0a23-4132-83c8-04ecb661fb22,14.433333333333334
2cd973e8-b339-48da-b302-3e85533dbf5e,3.8833333333333333
88cbfdb9-c0b4-4e4d-a580-a16efe9ad534,20.316666666666666
72f569a5-faf5-46a5-871b-9ef780203376,10.816666666666666
eeac39b1-b6ee-4c09-8c89-7a932752ebf8,20.65
ba2e50ab-d45a-4a3f-80ac-d4cff058f98e,1.35
833bcf7e-9444-4fc4-bef9-0c4d6fe38d22,12.566666666666666
5c66463f-cf02-42ca-af72-9c3123cebeb2,4.916666666666667
e9799e99-ff9f-43fb-a8a8-84db023846aa,4.416666666666667
0fdd81be-4e88-4a3c-a952-2d2c4db600af,15.183333333333334
52150106-a5e3-4eb4-a4fc-6e94fe6d44c9,6.65
f3d9d580-1a02-4d42-a906-a905ee7b1f73,11.783333333333333
68f7539f-c0a7-44d0-8d54-75a8d37d10df,11.9
a58738d4-21e9-4698-8d72-a4d3df6a5c73,21.35
a2313255-922d-4776-83e2-bb20aac2efea,5.716666666666667
c127dbd8-2bd9-4ddd-ab1a-4bae59a14150,11.283333333333333
743f2591-c057-420f-abc2-0b890d6fac30,9.516666666666667
a7e73698-c23d-4b04-8c1f-a29611b7d1bd,1.9166666666666667
f4a93257-dca4-42f7-8d8b-f65c31632677,30.716666666666665
731ba017-7a35-4385-80b3-1b4c411876a7,12.733333333333333
4918e0b9-3179-4914-bd17-65f74b8bd642,15.116666666666667
9348f317-4c7d-4870-9262-9ac9c1b0a4c5,12.266666666666667
a3474aa7-e85d-4eaf-bd68-3aa4868068bd,8.65
eef6ada2-9ec2-43c5-aee3-7c0c3138bf62,5.85
719f76a4-8dd5-44d9-822a-4e3083be7715,19.616666666666667
7606bbc9-96fe-4689-b4c3-511aaa03ca57,6.183333333333334
d3ad385c-6ceb-4e49-a745-a2d7dcefe6a5,7.333333333333333
9fac79b7-1eec-4adb-8393-1be959c7a200,12.783333333333333
89d42c17-6e74-4ba6-8376-397fdeb52db6,7.916666666666667
2ca4b5be-36c1-4f74-b26d-7bab36f11008,31.683333333333334
c9cfd19b-5bb6-468d-bfbf-fc6920c57f25,31.35
265752c0-5a75-496c-9240-e256be04432c,3.816666666666667
8c28e10b-c5b8-4d1e-8449-ce7b14bc1ac4,7.966666666666667
aff92b4b-d859-442d-9337-548949c0747d,8.866666666666667
6200dd18-e230-4ab4-a4f5-e8774a9d1302,10.683333333333334
ce0d0f5d-4fa9-4e48-a2f7-bc60cc2b222f,9.45
dd217277-50e3-4234-bad4-16a2eb758c0e,3.8833333333333333
f336a30c-5cb1-49cb-9484-d9ce7c3d2898,10.866666666666667
5be50ae7-db40-47c4-b7ef-9ed9c60ff048,9.85
846f1cac-e0b7-4502-9d93-d99cdde39a21,62.333333333333336
dcd7f1e5-8915-4414-a977-82bb72eda108,17.183333333333334
84aae652-742d-4e2c-a223-14ef69d2bcf4,11.25
786fa596-44f4-48c4-b575-aaab1b2ec997,10.583333333333334
ffc12b68-ea63-437e-b039-7029654a0b97,21.166666666666668
28dc465f-f2e6-4320-8f90-b6593e156a7b,28.8
09cb6039-100d-43d4-a806-40ae9701732c,24.05
adefda8f-7a99-40e0-b9cf-e629a351574e,15.8
85cf81db-13b7-44b0-bf8b-bcbd3746edad,5.3
c19a79f2-65c7-422c-91e5-9057a94493dd,9.083333333333334
3c542717-9b59-4f12-9be9-fd24f284f09f,12.266666666666667
b727d621-d8c4-4c68-9e1a-19030a4b4787,4.766666666666667
277be23f-14f5-4603-b90a-df3abe6c16da,24.716666666666665
9bc7f4a4-425e-48cf-9d76-cc8817944005,3.033333333333333
b9de6c9e-a0c4-409b-bb4e-cefce55b50d1,7.15
a001d308-d6dc-4fec-bcd1-d4aa2af05815,13.25
9a8546fc-f3ba-463e-abad-22fff25d74c4,16.25
6be772ab-cd52-4ff9-93ab-e025c2c0c2aa,17.133333333333333
c461dc28-36c3-485a-bc9c-7a4643f44079,6.95
6dc5d011-505a-43e7-9a5c-88333232078b,5.05
2dceabf3-1496-4db8-8c91-2ae7051dcdaa,19.333333333333332
646a4f4c-35cd-43ea-819e-2d1672c47204,4.9
4b8fca66-ecf1-4277-899c-ad4a3b58f467,30.866666666666667
cdda7a6a-5677-4485-8e09-2332a51d016a,13.7
67c2fb32-59da-4260-bc10-7a2a65da2c6c,24.2
70134446-0dd4-42f6-9eb2-2b7ba5efa0e4,14.733333333333333
2d33ee26-55b3-4569-bdc0-2351478b9109,16.033333333333335
01cfbc61-a098-48dc-8bb6-a0140ef63591,15.466666666666667
d2c5dd77-f6c9-4254-b5c9-8509188b6866,1.95
cfd0a94e-09d9-4bba-a3d8-8e71792f0aea,5.05
3eee7e22-5f64-4559-8997-4ae36679c7b4,23.516666666666666
6b7927b3-8141-4ac0-99a4-45069c795dcb,8.15
35ebfcc6-b740-4876-855b-fac9f45739d0,9.383333333333333
ffeeec87-d5da-4619-bab9-6770ab9c3fe3,11.483333333333333
ec93b015-acad-4313-b7e7-d819446aa763,13.366666666666667
896f498e-c5eb-4e2c-ae46-026838b7d280,8.016666666666667
25dc6133-a22a-4532-aefa-c3fe55728c45,9.6
5c693145-0f55-4130-b853-9240aa9e0c06,16.7
bd885188-8a99-4caa-9adf-47edbc6b04c9,4.883333333333334
0e8e7380-cddf-42f1-b942-1eb20c12ec07,45.68333333333333
19ecd741-efcb-42b6-a036-8e4e86e8f072,9.866666666666667
9b831dbe-435f-4aad-bc62-667652fba728,3.2666666666666666
b5283fea-6b25-4638-b4b4-b816a5a56756,10.483333333333333
391762d0-4865-4e6a-904a-dd4323c34c53,46.96666666666667
ea883d68-91f0-49cf-8a56-cb62aed3ebcb,14.283333333333333
ea3b202e-ffec-4fd5-835c-473597107997,10.083333333333334
d0c748ea-7d75-42ec-8683-e11217b783b3,5.983333333333333
df8ae9d5-21a4-4389-a7e2-527e6dfc631c,8.316666666666666
ab733fea-7bbe-408c-913f-8bf97c4bbea6,7.733333333333333
79058301-3048-47c8-8cdc-bf45cdef5e39,22.066666666666666
86256dc0-9091-4a1f-acb1-925c1bbcf840,15.3
b4ac19ba-466d-458f-8dce-c4bde4bb5ca1,10.45
9610e0e2-4468-457f-80c0-d8ed4cab99cc,9.316666666666666
cc4fb8f9-cc63-4ff8-a30e-9fb5a50f2253,63.1
89d2871d-0acb-44ce-8bef-7003570ef482,12.083333333333334
2a504179-4cb4-4a0a-a210-56e2589f846e,14.183333333333334
4621132b-534d-46be-849e-633ac999a5c5,12.65
d4df4281-4a08-42fd-9aa0-cedff2e466e2,8.783333333333333
b09d8643-2cb1-415c-a61a-300f991200da,14.25
f13329fa-e501-4ba7-81b0-42ca40350a9f,18.083333333333332
f81be2d1-14b5-4450-a56e-266230582f62,9.033333333333333
9e0c5c70-5bd7-40a6-8489-f317a9b36aac,17.966666666666665
3458c1c2-abb1-46bd-8f5b-14243f5028c9,13.05
f78faf8a-bd4e-463a-9e00-b35979d82225,6.516666666666667
5ec91cdb-0d83-4d6b-886c-9f472ec99625,11.85
17099890-8bd1-4040-901b-abf6740d9bba,10.633333333333333
cc865dee-04d6-472f-819f-a32e996fd509,9.3
08d97899-6086-4ae1-bc5c-48d9024ca06e,10.216666666666667
b54a5628-c8a9-46a3-94b6-ad3441ed9907,11.95
0d9846d7-0314-4146-8e23-5c5aa12ca6bc,3.4
b84fa439-1cbe-4f89-befd-b6a06586570e,9.933333333333334
26a5f581-f895-4eac-a383-a33fae3c6434,15.4
97e8bdd7-43f1-4342-8e4d-033fd6a1d332,0.18333333333333332
5186d68b-e173-45e3-a74a-498a69bde502,6.983333333333333
9cb31ba8-eb1d-456b-90fe-54451b042c7d,5.783333333333333
8999065f-1c39-4c5b-996f-c7d982464e85,5.25
ed4c91f5-429b-4248-98ec-f9b11fec68d1,3.183333333333333
6ea82644-3908-4a6f-9e42-4a2b21e81a5e,12.266666666666667
cc49396f-f97a-4959-8c63-de3c920e83dc,3.4
bbf056a4-f9e1-4e00-a3c4-f16f0cfc6f6c,8.45
808280f5-f71c-4c48-9bb7-948963bda423,5.216666666666667
a570d332-a22f-47de-ad43-ba58ba881529,7.216666666666667
305c1a6e-b175-41ef-969c-02bd92d19564,57.78333333333333
5d63daa4-0118-4909-b794-292a438a613b,20.35
6ff9cc0c-3c2d-4fd3-b7c2-29e147030f51,25.783333333333335
a233bfad-109b-4b6c-b357-bfa1f1f9cceb,3.566666666666667
449397d1-5c99-43b4-8e39-1d6c040a3ef0,20.466666666666665
697e7b5d-40ce-4085-a853-28db543b3c02,4.883333333333334
ebcd5966-d4b3-447d-a64c-9029dc05eae8,6.2
95a51817-0cde-4626-94a5-095167219325,5.633333333333334
8ade9500-4d22-426a-913a-bd2dfa20261a,11.5
7890dbb8-b057-4943-a598-e6be6f7d46a2,8.45
43166507-93f4-4058-b6ea-37af41dadedf,4.116666666666666
0a04b028-75ae-42e6-8f99-a9eb0d75d932,19.983333333333334
8d903ba3-230b-47fc-ad1f-82387b08224f,28.233333333333334
b4bd5c9d-b2d3-4a02-9c9f-b2c9fa6f4c87,4.583333333333333
0567ad57-a752-460f-9af9-130f516c320b,2.283333333333333
de109213-09b2-4d42-810d-6760a117256a,2.283333333333333
29eb8d0f-d1c5-44a9-b0e3-367e9252a4e2,7.8
092968d1-451e-428b-84eb-6498dcb2163e,20.3
5e6a1b2d-f7b3-4ca3-bdcd-ee1d940b24f7,0.05
86054619-37df-40c4-b5d0-29cc88a30507,3.1333333333333333
73c636cd-5ef4-4995-a2d6-d90483191a53,7.916666666666667
d7da876e-4648-4d73-bc88-8404959269f6,6.55
6a96d609-b87d-4912-b092-353d5520f8ad,9.433333333333334
d9bde0c4-d890-46ea-9ea5-711b82ea662c,19.7
acb2b1ee-8ef6-48c2-81ed-eb33c5e47a50,9.316666666666666
f6a9281f-c25f-49c1-a959-a83c19285920,19.433333333333334
efd0cfcb-eb82-4218-b0cd-da35948ecc5c,1.7
10a27be1-3e92-4eff-9bc9-e00662150955,38.38333333333333
6c116f09-149f-4ffb-8b81-7a9b10463b0b,314.6
e68ee550-a604-431e-8f7f-bdaabda98b75,15.983333333333333
a8a3bd6a-66cc-457b-be45-e97264743053,10.6
8250b34b-9d2b-4247-8dea-1ce645ad3e54,11.916666666666666
3a39f500-1877-4041-8a56-b0f9bc446d3c,3.3666666666666667
a0de7b89-eaae-4f18-85e1-1c3a825f0fa9,14.933333333333334
45042396-adaa-4d52-ba13-09f25ee6548a,23.65
555dacc1-3695-44ff-b2a9-19dac430a0eb,6.166666666666667
871f0923-c72d-4fdc-aae8-6b76e6804632,11.333333333333334
4bb7b7c8-e04c-4477-8d77-614fdf78b78a,15.45
a2c9b039-4a2c-44d7-b668-f892f6196275,3.3666666666666667
a381b7c9-9039-47fe-93b6-e33ed5e098c8,30.7
d9a05ab5-4428-48c6-a5d5-dbfc2db706b8,0.5166666666666667
5e7eb68a-c207-4e4d-a07b-c7a468b717d7,10.05
827d2e64-1178-427c-912d-1ab61b8d6171,10.6
ade5d49e-6648-4bcf-8927-4ed7978825a7,27.466666666666665
93bcaeb0-0b80-4550-8520-f2d54b9bef82,12.383333333333333
264b0545-0ca4-442e-89d6-710b1058d19b,5.016666666666667
d71b8113-79c1-4d4f-bcf9-627357a8fea7,51.7
e176d6c8-73bc-4722-9b2b-83af06e4a6de,8.183333333333334
68491e72-175f-4486-9e13-d482f62891c3,3.0166666666666666
452e3e86-106b-4261-8ee1-fc676d4ed11d,1.6833333333333333
708dbf9a-468a-4291-b3c6-2ee6679507ca,6.883333333333334
7a7e9194-47b2-4a7b-af56-e06fe96482b4,7.516666666666667
802e36ed-ce26-4e0d-a940-a15ce6a4191a,16.6
6fff3ffc-0acc-4fd7-bae9-1468cfa9f202,6.466666666666667
b2a1821f-9e88-462d-a484-80bc16d11620,15.05
c22565a1-6f76-41ec-92ce-f6f4bae4ad5f,29.816666666666666
5702bf78-79d3-4534-8fd1-ff08c3f012cb,11.183333333333334
b245723b-f1d5-412d-b134-ba89351a25f7,3.3833333333333333
40c6123e-dcde-414a-b3a1-c22708f41d6b,4.183333333333334
8b1e1e09-561c-4fac-9821-c84a910277bb,37.96666666666667
1db900e2-f6e3-42d7-a735-1ff73ec5ad20,27.216666666666665
4e336a03-6b7d-4e82-ab02-01c31fd37154,30.95
2b1c07ec-35bd-4dc3-9e66-4fda1a5960db,60.15
97ab2ffb-02cb-4b2a-924c-e7359aa4e3c6,6.366666666666666
2a764a4a-abae-45e8-9c29-61947f1e96e2,8.716666666666667
055258b9-5897-40f4-b487-2f86df201e22,13.366666666666667
4e81868f-cc96-4ef5-bbf8-8dc0a5621c92,1.0
6808dff6-f7a7-44b8-8267-79933fc1bbf0,20.333333333333332
d6d5b19a-fdcf-4e4c-af74-8959829cbb4e,7.0
